# N,sepal_l,sepal_w,petal_l,petal_w,setosa,versicolor,virginica,predict,answer,true
1.000000000000000000e+00,5.099999999999999645e+00,3.500000000000000000e+00,1.399999999999999911e+00,2.000000000000000111e-01,9.791559111213925526e-01,2.424401319810855562e-02,3.649770967218489426e-03,0.000000000000000000e+00,0.000000000000000000e+00,1.000000000000000000e+00
2.000000000000000000e+00,4.900000000000000355e+00,3.000000000000000000e+00,1.399999999999999911e+00,2.000000000000000111e-01,9.781939262389174328e-01,2.537362866961695787e-02,3.676319740494021510e-03,0.000000000000000000e+00,0.000000000000000000e+00,1.000000000000000000e+00
3.000000000000000000e+00,4.700000000000000178e+00,3.200000000000000178e+00,1.300000000000000044e+00,2.000000000000000111e-01,9.788838990223474035e-01,2.460116762122946735e-02,3.656260002229265102e-03,0.000000000000000000e+00,0.000000000000000000e+00,1.000000000000000000e+00
4.000000000000000000e+00,4.599999999999999645e+00,3.100000000000000089e+00,1.500000000000000000e+00,2.000000000000000111e-01,9.779290702140928104e-01,2.566320538533949439e-02,3.684020065438504531e-03,0.000000000000000000e+00,0.000000000000000000e+00,1.000000000000000000e+00
5.000000000000000000e+00,5.000000000000000000e+00,3.600000000000000089e+00,1.399999999999999911e+00,2.000000000000000111e-01,9.792221049714024961e-01,2.416663412268665184e-02,3.647889525150816575e-03,0.000000000000000000e+00,0.000000000000000000e+00,1.000000000000000000e+00
6.000000000000000000e+00,5.400000000000000355e+00,3.899999999999999911e+00,1.699999999999999956e+00,4.000000000000000222e-01,9.790747357781534044e-01,2.429447129845959882e-02,3.653354902341571838e-03,0.000000000000000000e+00,0.000000000000000000e+00,1.000000000000000000e+00
7.000000000000000000e+00,4.599999999999999645e+00,3.399999999999999911e+00,1.399999999999999911e+00,2.999999999999999889e-01,9.788583783768914914e-01,2.460075660099453679e-02,3.657832544496703118e-03,0.000000000000000000e+00,0.000000000000000000e+00,1.000000000000000000e+00
8.000000000000000000e+00,5.000000000000000000e+00,3.399999999999999911e+00,1.500000000000000000e+00,2.000000000000000111e-01,9.788669826761422499e-01,2.457020185986715649e-02,3.658220009896154864e-03,0.000000000000000000e+00,0.000000000000000000e+00,1.000000000000000000e+00
9.000000000000000000e+00,4.400000000000000355e+00,2.899999999999999911e+00,1.399999999999999911e+00,2.000000000000000111e-01,9.774597525711081758e-01,2.624486424359157369e-02,3.695623444987687634e-03,0.000000000000000000e+00,0.000000000000000000e+00,1.000000000000000000e+00
1.000000000000000000e+01,4.900000000000000355e+00,3.100000000000000089e+00,1.500000000000000000e+00,1.000000000000000056e-01,9.783357769927503167e-01,2.519624647963747410e-02,3.672767191680333890e-03,0.000000000000000000e+00,0.000000000000000000e+00,1.000000000000000000e+00
1.100000000000000000e+01,5.400000000000000355e+00,3.700000000000000178e+00,1.500000000000000000e+00,2.000000000000000111e-01,9.792434484781245008e-01,2.412238819632123513e-02,3.647864253837675933e-03,0.000000000000000000e+00,0.000000000000000000e+00,1.000000000000000000e+00
1.200000000000000000e+01,4.799999999999999822e+00,3.399999999999999911e+00,1.600000000000000089e+00,2.000000000000000111e-01,9.785587813163425519e-01,2.491424351420717595e-02,3.667227695852279343e-03,0.000000000000000000e+00,0.000000000000000000e+00,1.000000000000000000e+00
1.300000000000000000e+01,4.799999999999999822e+00,3.000000000000000000e+00,1.399999999999999911e+00,1.000000000000000056e-01,9.783725238495508680e-01,2.518389554579120865e-02,3.670888226827505752e-03,0.000000000000000000e+00,0.000000000000000000e+00,1.000000000000000000e+00
1.400000000000000000e+01,4.299999999999999822e+00,3.000000000000000000e+00,1.100000000000000089e+00,1.000000000000000056e-01,9.789844917823298243e-01,2.458837562930945089e-02,3.650327773091849304e-03,0.000000000000000000e+00,0.000000000000000000e+00,1.000000000000000000e+00
1.500000000000000000e+01,5.799999999999999822e+00,4.000000000000000000e+00,1.199999999999999956e+00,2.000000000000000111e-01,9.794619451367594376e-01,2.387096081564178685e-02,3.641535797426219672e-03,0.000000000000000000e+00,0.000000000000000000e+00,1.000000000000000000e+00
1.600000000000000000e+01,5.700000000000000178e+00,4.400000000000000355e+00,1.500000000000000000e+00,4.000000000000000222e-01,9.794436561334655122e-01,2.387272077209360091e-02,3.642623968710514363e-03,0.000000000000000000e+00,0.000000000000000000e+00,1.000000000000000000e+00
1.700000000000000000e+01,5.400000000000000355e+00,3.899999999999999911e+00,1.300000000000000044e+00,4.000000000000000222e-01,9.793825041401100773e-01,2.396455395106641614e-02,3.643771387277616736e-03,0.000000000000000000e+00,0.000000000000000000e+00,1.000000000000000000e+00
1.800000000000000000e+01,5.099999999999999645e+00,3.500000000000000000e+00,1.399999999999999911e+00,2.999999999999999889e-01,9.790864820116808032e-01,2.431964013604743374e-02,3.651890892165061530e-03,0.000000000000000000e+00,0.000000000000000000e+00,1.000000000000000000e+00
1.900000000000000000e+01,5.700000000000000178e+00,3.799999999999999822e+00,1.699999999999999956e+00,2.999999999999999889e-01,9.790936682430163573e-01,2.427309691392072477e-02,3.652807956090440861e-03,0.000000000000000000e+00,0.000000000000000000e+00,1.000000000000000000e+00
2.000000000000000000e+01,5.099999999999999645e+00,3.799999999999999822e+00,1.500000000000000000e+00,2.999999999999999889e-01,9.792314775021778717e-01,2.413624578619745498e-02,3.648193924827485089e-03,0.000000000000000000e+00,0.000000000000000000e+00,1.000000000000000000e+00
2.100000000000000000e+01,5.400000000000000355e+00,3.399999999999999911e+00,1.699999999999999956e+00,2.000000000000000111e-01,9.784661478878089458e-01,2.499457371562124192e-02,3.670605154149590623e-03,0.000000000000000000e+00,0.000000000000000000e+00,1.000000000000000000e+00
2.200000000000000000e+01,5.099999999999999645e+00,3.700000000000000178e+00,1.500000000000000000e+00,4.000000000000000222e-01,9.790854664082181413e-01,2.430249875415209718e-02,3.652447876023665572e-03,0.000000000000000000e+00,0.000000000000000000e+00,1.000000000000000000e+00
2.300000000000000000e+01,4.599999999999999645e+00,3.600000000000000089e+00,1.000000000000000000e+00,2.000000000000000111e-01,9.794138094607008904e-01,2.400136209307206919e-02,3.640664858213616545e-03,0.000000000000000000e+00,0.000000000000000000e+00,1.000000000000000000e+00
2.400000000000000000e+01,5.099999999999999645e+00,3.299999999999999822e+00,1.699999999999999956e+00,5.000000000000000000e-01,9.768880207383960901e-01,2.676029254907632757e-02,3.714825983084598261e-03,0.000000000000000000e+00,0.000000000000000000e+00,1.000000000000000000e+00
2.500000000000000000e+01,4.799999999999999822e+00,3.399999999999999911e+00,1.899999999999999911e+00,2.000000000000000111e-01,9.770117291675020077e-01,2.661914679453341454e-02,3.711509661266015458e-03,0.000000000000000000e+00,0.000000000000000000e+00,1.000000000000000000e+00
2.600000000000000000e+01,5.000000000000000000e+00,3.000000000000000000e+00,1.600000000000000089e+00,2.000000000000000111e-01,9.770904600935895745e-01,2.657782775796083477e-02,3.708109534289301835e-03,0.000000000000000000e+00,0.000000000000000000e+00,1.000000000000000000e+00
2.700000000000000000e+01,5.000000000000000000e+00,3.399999999999999911e+00,1.600000000000000089e+00,4.000000000000000222e-01,9.782387031780500619e-01,2.526086179818472569e-02,3.676795367178450902e-03,0.000000000000000000e+00,0.000000000000000000e+00,1.000000000000000000e+00
2.800000000000000000e+01,5.200000000000000178e+00,3.500000000000000000e+00,1.500000000000000000e+00,2.000000000000000111e-01,9.790432159515042310e-01,2.436085137219795582e-02,3.653385837982931188e-03,0.000000000000000000e+00,0.000000000000000000e+00,1.000000000000000000e+00
2.900000000000000000e+01,5.200000000000000178e+00,3.399999999999999911e+00,1.399999999999999911e+00,2.000000000000000111e-01,9.790740483556205076e-01,2.433912753327041253e-02,3.652106441250363086e-03,0.000000000000000000e+00,0.000000000000000000e+00,1.000000000000000000e+00
3.000000000000000000e+01,4.700000000000000178e+00,3.200000000000000178e+00,1.600000000000000089e+00,2.000000000000000111e-01,9.778781933614176802e-01,2.569412062339685235e-02,3.686197276157507884e-03,0.000000000000000000e+00,0.000000000000000000e+00,1.000000000000000000e+00
3.100000000000000000e+01,4.799999999999999822e+00,3.100000000000000089e+00,1.600000000000000089e+00,2.000000000000000111e-01,9.774858454544950170e-01,2.613668484962795510e-02,3.697121561286343620e-03,0.000000000000000000e+00,0.000000000000000000e+00,1.000000000000000000e+00
3.200000000000000000e+01,5.400000000000000355e+00,3.399999999999999911e+00,1.500000000000000000e+00,4.000000000000000222e-01,9.787142649675687478e-01,2.472512801020125897e-02,3.663169692929205308e-03,0.000000000000000000e+00,0.000000000000000000e+00,1.000000000000000000e+00
3.300000000000000000e+01,5.200000000000000178e+00,4.099999999999999645e+00,1.500000000000000000e+00,1.000000000000000056e-01,9.794164058959545782e-01,2.391871065525496068e-02,3.642977964240871110e-03,0.000000000000000000e+00,0.000000000000000000e+00,1.000000000000000000e+00
3.400000000000000000e+01,5.500000000000000000e+00,4.200000000000000178e+00,1.399999999999999911e+00,2.000000000000000111e-01,9.794500369556319308e-01,2.387587995377868713e-02,3.642128741739463372e-03,0.000000000000000000e+00,0.000000000000000000e+00,1.000000000000000000e+00
3.500000000000000000e+01,4.900000000000000355e+00,3.100000000000000089e+00,1.500000000000000000e+00,2.000000000000000111e-01,9.780991512917478481e-01,2.545735162427314666e-02,3.679651163809015760e-03,0.000000000000000000e+00,0.000000000000000000e+00,1.000000000000000000e+00
3.600000000000000000e+01,5.000000000000000000e+00,3.200000000000000178e+00,1.199999999999999956e+00,2.000000000000000111e-01,9.791013106639098185e-01,2.435262279925696355e-02,3.650016670531498666e-03,0.000000000000000000e+00,0.000000000000000000e+00,1.000000000000000000e+00
3.700000000000000000e+01,5.500000000000000000e+00,3.500000000000000000e+00,1.300000000000000044e+00,2.000000000000000111e-01,9.792854935212023104e-01,2.409364894897093184e-02,3.646087334688690937e-03,0.000000000000000000e+00,0.000000000000000000e+00,1.000000000000000000e+00
3.800000000000000000e+01,4.900000000000000355e+00,3.600000000000000089e+00,1.399999999999999911e+00,1.000000000000000056e-01,9.792601178316278077e-01,2.412927614770106130e-02,3.646598221896561482e-03,0.000000000000000000e+00,0.000000000000000000e+00,1.000000000000000000e+00
3.900000000000000000e+01,4.400000000000000355e+00,3.000000000000000000e+00,1.300000000000000044e+00,2.000000000000000111e-01,9.783571677115939780e-01,2.524002816459823550e-02,3.670162570942133232e-03,0.000000000000000000e+00,0.000000000000000000e+00,1.000000000000000000e+00
4.000000000000000000e+01,5.099999999999999645e+00,3.399999999999999911e+00,1.500000000000000000e+00,2.000000000000000111e-01,9.788904099106383594e-01,2.454075505823527514e-02,3.657630959307159139e-03,0.000000000000000000e+00,0.000000000000000000e+00,1.000000000000000000e+00
4.100000000000000000e+01,5.000000000000000000e+00,3.500000000000000000e+00,1.300000000000000044e+00,2.999999999999999889e-01,9.791886953069254274e-01,2.421553134388199774e-02,3.648550310232211418e-03,0.000000000000000000e+00,0.000000000000000000e+00,1.000000000000000000e+00
4.200000000000000000e+01,4.500000000000000000e+00,2.299999999999999822e+00,1.300000000000000044e+00,2.999999999999999889e-01,9.712013622524603429e-01,3.339061344251636337e-02,3.849422106036472484e-03,0.000000000000000000e+00,0.000000000000000000e+00,1.000000000000000000e+00
4.300000000000000000e+01,4.400000000000000355e+00,3.200000000000000178e+00,1.300000000000000044e+00,2.000000000000000111e-01,9.788102338359566668e-01,2.470232204348979041e-02,3.657840947913307619e-03,0.000000000000000000e+00,0.000000000000000000e+00,1.000000000000000000e+00
4.400000000000000000e+01,5.000000000000000000e+00,3.500000000000000000e+00,1.600000000000000089e+00,5.999999999999999778e-01,9.780828991547426687e-01,2.542533856633162614e-02,3.681518978356660820e-03,0.000000000000000000e+00,0.000000000000000000e+00,1.000000000000000000e+00
4.500000000000000000e+01,5.099999999999999645e+00,3.799999999999999822e+00,1.899999999999999911e+00,4.000000000000000222e-01,9.783386050547235868e-01,2.511634927265031514e-02,3.674855451603423803e-03,0.000000000000000000e+00,0.000000000000000000e+00,1.000000000000000000e+00
4.600000000000000000e+01,4.799999999999999822e+00,3.000000000000000000e+00,1.399999999999999911e+00,2.999999999999999889e-01,9.778664230777081023e-01,2.574175885211564888e-02,3.685585463496628567e-03,0.000000000000000000e+00,0.000000000000000000e+00,1.000000000000000000e+00
4.700000000000000000e+01,5.099999999999999645e+00,3.799999999999999822e+00,1.600000000000000089e+00,2.000000000000000111e-01,9.791919967474865816e-01,2.417741127156232059e-02,3.649457190311975428e-03,0.000000000000000000e+00,0.000000000000000000e+00,1.000000000000000000e+00
4.800000000000000000e+01,4.599999999999999645e+00,3.200000000000000178e+00,1.399999999999999911e+00,2.000000000000000111e-01,9.786170693128697362e-01,2.489400538289377948e-02,3.664227670519400355e-03,0.000000000000000000e+00,0.000000000000000000e+00,1.000000000000000000e+00
4.900000000000000000e+01,5.299999999999999822e+00,3.700000000000000178e+00,1.500000000000000000e+00,2.000000000000000111e-01,9.792336151356907381e-01,2.413544931421978540e-02,3.648093655526330522e-03,0.000000000000000000e+00,0.000000000000000000e+00,1.000000000000000000e+00
5.000000000000000000e+01,5.000000000000000000e+00,3.299999999999999822e+00,1.399999999999999911e+00,2.000000000000000111e-01,9.789096712254097277e-01,2.453790166005886952e-02,3.656521575637848402e-03,0.000000000000000000e+00,0.000000000000000000e+00,1.000000000000000000e+00
5.100000000000000000e+01,7.000000000000000000e+00,3.200000000000000178e+00,4.700000000000000178e+00,1.399999999999999911e+00,2.130322325695729532e-02,9.758777600861636703e-01,1.306842649924488779e-02,1.000000000000000000e+00,1.000000000000000000e+00,1.000000000000000000e+00
5.200000000000000000e+01,6.400000000000000355e+00,3.200000000000000178e+00,4.500000000000000000e+00,1.500000000000000000e+00,2.101160221672127362e-02,9.752164751142952115e-01,1.343063116633012172e-02,1.000000000000000000e+00,1.000000000000000000e+00,1.000000000000000000e+00
5.300000000000000000e+01,6.900000000000000355e+00,3.100000000000000089e+00,4.900000000000000355e+00,1.500000000000000000e+00,2.000754339931628406e-02,9.740710532605508787e-01,1.433884726118365809e-02,1.000000000000000000e+00,1.000000000000000000e+00,1.000000000000000000e+00
5.400000000000000000e+01,5.500000000000000000e+00,2.299999999999999822e+00,4.000000000000000000e+00,1.300000000000000044e+00,1.143378823479160832e-02,9.421414481894820891e-01,3.605136116117583361e-02,1.000000000000000000e+00,1.000000000000000000e+00,1.000000000000000000e+00
5.500000000000000000e+01,6.500000000000000000e+00,2.799999999999999822e+00,4.599999999999999645e+00,1.500000000000000000e+00,1.715902538384447840e-02,9.676412574963140223e-01,1.849467223214615666e-02,1.000000000000000000e+00,1.000000000000000000e+00,1.000000000000000000e+00
5.600000000000000000e+01,5.700000000000000178e+00,2.799999999999999822e+00,4.500000000000000000e+00,1.300000000000000044e+00,9.060701297763398138e-03,9.207371426620708510e-01,5.211969901563801022e-02,1.000000000000000000e+00,1.000000000000000000e+00,1.000000000000000000e+00
5.700000000000000000e+01,6.299999999999999822e+00,3.299999999999999822e+00,4.700000000000000178e+00,1.600000000000000089e+00,1.624344276769764187e-02,9.646741900585438234e-01,2.036024359364395700e-02,1.000000000000000000e+00,1.000000000000000000e+00,1.000000000000000000e+00
5.800000000000000000e+01,4.900000000000000355e+00,2.399999999999999911e+00,3.299999999999999822e+00,1.000000000000000000e+00,2.378818464862178170e-02,9.732031901894534487e-01,1.282663816071311254e-02,1.000000000000000000e+00,1.000000000000000000e+00,1.000000000000000000e+00
5.900000000000000000e+01,6.599999999999999645e+00,2.899999999999999911e+00,4.599999999999999645e+00,1.300000000000000044e+00,2.106147734837919908e-02,9.756999208549848035e-01,1.324347594335383016e-02,1.000000000000000000e+00,1.000000000000000000e+00,1.000000000000000000e+00
6.000000000000000000e+01,5.200000000000000178e+00,2.700000000000000178e+00,3.899999999999999911e+00,1.399999999999999911e+00,1.358285077005985143e-02,9.530322924704919263e-01,2.782878907043172603e-02,1.000000000000000000e+00,1.000000000000000000e+00,1.000000000000000000e+00
6.100000000000000000e+01,5.000000000000000000e+00,2.000000000000000000e+00,3.500000000000000000e+00,1.000000000000000000e+00,2.084434410532392049e-02,9.742902336112256867e-01,1.383224245472513929e-02,1.000000000000000000e+00,1.000000000000000000e+00,1.000000000000000000e+00
6.200000000000000000e+01,5.900000000000000355e+00,3.000000000000000000e+00,4.200000000000000178e+00,1.500000000000000000e+00,2.005608084795654916e-02,9.732106053059861317e-01,1.460624517202065153e-02,1.000000000000000000e+00,1.000000000000000000e+00,1.000000000000000000e+00
6.300000000000000000e+01,6.000000000000000000e+00,2.200000000000000178e+00,4.000000000000000000e+00,1.000000000000000000e+00,2.128181622825012220e-02,9.757954317583151793e-01,1.310853008804687206e-02,1.000000000000000000e+00,1.000000000000000000e+00,1.000000000000000000e+00
6.400000000000000000e+01,6.099999999999999645e+00,2.899999999999999911e+00,4.700000000000000178e+00,1.399999999999999911e+00,9.328259548913845137e-03,9.241486415082907913e-01,4.962971942919453677e-02,1.000000000000000000e+00,1.000000000000000000e+00,1.000000000000000000e+00
6.500000000000000000e+01,5.599999999999999645e+00,2.899999999999999911e+00,3.600000000000000089e+00,1.300000000000000044e+00,2.384104853021710643e-02,9.731763549820695580e-01,1.280820654006137489e-02,1.000000000000000000e+00,1.000000000000000000e+00,1.000000000000000000e+00
6.600000000000000000e+01,6.700000000000000178e+00,3.100000000000000089e+00,4.400000000000000355e+00,1.399999999999999911e+00,2.150778292586840237e-02,9.756750493759287490e-01,1.304097708452644014e-02,1.000000000000000000e+00,1.000000000000000000e+00,1.000000000000000000e+00
6.700000000000000000e+01,5.599999999999999645e+00,3.000000000000000000e+00,4.500000000000000000e+00,1.500000000000000000e+00,1.742174585224937284e-03,5.103439330562123954e-01,4.588852656799847773e-01,1.000000000000000000e+00,1.000000000000000000e+00,1.000000000000000000e+00
6.800000000000000000e+01,5.799999999999999822e+00,2.700000000000000178e+00,4.099999999999999645e+00,1.000000000000000000e+00,2.167782926330450236e-02,9.754612883217402830e-01,1.303434241074527024e-02,1.000000000000000000e+00,1.000000000000000000e+00,1.000000000000000000e+00
6.900000000000000000e+01,6.200000000000000178e+00,2.200000000000000178e+00,4.500000000000000000e+00,1.500000000000000000e+00,4.849068174258872412e-04,1.409386205981899842e-01,8.744530136923426289e-01,2.000000000000000000e+00,1.000000000000000000e+00,0.000000000000000000e+00
7.000000000000000000e+01,5.599999999999999645e+00,2.500000000000000000e+00,3.899999999999999911e+00,1.100000000000000089e+00,2.148788431136368360e-02,9.753461444782042244e-01,1.316151112660310374e-02,1.000000000000000000e+00,1.000000000000000000e+00,1.000000000000000000e+00
7.100000000000000000e+01,5.900000000000000355e+00,3.200000000000000178e+00,4.799999999999999822e+00,1.800000000000000044e+00,1.588622653977668985e-04,3.120109988945227522e-02,9.778320011497836362e-01,2.000000000000000000e+00,1.000000000000000000e+00,0.000000000000000000e+00
7.200000000000000000e+01,6.099999999999999645e+00,2.799999999999999822e+00,4.000000000000000000e+00,1.300000000000000044e+00,2.176580308218367329e-02,9.753584148158723766e-01,1.302747181177592826e-02,1.000000000000000000e+00,1.000000000000000000e+00,1.000000000000000000e+00
7.300000000000000000e+01,6.299999999999999822e+00,2.500000000000000000e+00,4.900000000000000355e+00,1.500000000000000000e+00,2.024906927500600285e-04,4.404805902258848022e-02,9.671627839126871740e-01,2.000000000000000000e+00,1.000000000000000000e+00,0.000000000000000000e+00
7.400000000000000000e+01,6.099999999999999645e+00,2.799999999999999822e+00,4.700000000000000178e+00,1.199999999999999956e+00,1.735657319505475374e-02,9.681431672182165826e-01,1.815756867854738735e-02,1.000000000000000000e+00,1.000000000000000000e+00,1.000000000000000000e+00
7.500000000000000000e+01,6.400000000000000355e+00,2.899999999999999911e+00,4.299999999999999822e+00,1.300000000000000044e+00,2.143412333008336973e-02,9.756836385621914243e-01,1.307267168071046121e-02,1.000000000000000000e+00,1.000000000000000000e+00,1.000000000000000000e+00
7.600000000000000000e+01,6.599999999999999645e+00,3.000000000000000000e+00,4.400000000000000355e+00,1.399999999999999911e+00,2.135919057097544413e-02,9.757331110719984490e-01,1.309097972344319682e-02,1.000000000000000000e+00,1.000000000000000000e+00,1.000000000000000000e+00
7.700000000000000000e+01,6.799999999999999822e+00,2.799999999999999822e+00,4.799999999999999822e+00,1.399999999999999911e+00,1.957819269383201735e-02,9.733080302153009900e-01,1.484317442960297537e-02,1.000000000000000000e+00,1.000000000000000000e+00,1.000000000000000000e+00
7.800000000000000000e+01,6.700000000000000178e+00,3.000000000000000000e+00,5.000000000000000000e+00,1.699999999999999956e+00,1.364028815815552034e-03,4.249561858900941513e-01,5.577499111144765820e-01,2.000000000000000000e+00,1.000000000000000000e+00,0.000000000000000000e+00
7.900000000000000000e+01,6.000000000000000000e+00,2.899999999999999911e+00,4.500000000000000000e+00,1.500000000000000000e+00,9.930837876631503150e-03,9.300249675081647682e-01,4.506357787553871147e-02,1.000000000000000000e+00,1.000000000000000000e+00,1.000000000000000000e+00
8.000000000000000000e+01,5.700000000000000178e+00,2.600000000000000089e+00,3.500000000000000000e+00,1.000000000000000000e+00,2.432758616213911637e-02,9.726862222855299223e-01,1.275526112345702102e-02,1.000000000000000000e+00,1.000000000000000000e+00,1.000000000000000000e+00
8.100000000000000000e+01,5.500000000000000000e+00,2.399999999999999911e+00,3.799999999999999822e+00,1.100000000000000089e+00,2.146031927114909824e-02,9.752553321202057646e-01,1.320522058097236932e-02,1.000000000000000000e+00,1.000000000000000000e+00,1.000000000000000000e+00
8.200000000000000000e+01,5.500000000000000000e+00,2.399999999999999911e+00,3.700000000000000178e+00,1.000000000000000000e+00,2.199798744891753519e-02,9.751269586080139051e-01,1.299960773078439637e-02,1.000000000000000000e+00,1.000000000000000000e+00,1.000000000000000000e+00
8.300000000000000000e+01,5.799999999999999822e+00,2.700000000000000178e+00,3.899999999999999911e+00,1.199999999999999956e+00,2.185821343899151115e-02,9.752238467767491148e-01,1.302982440327179851e-02,1.000000000000000000e+00,1.000000000000000000e+00,1.000000000000000000e+00
8.400000000000000000e+01,6.000000000000000000e+00,2.700000000000000178e+00,5.099999999999999645e+00,1.600000000000000089e+00,1.218505371823713600e-04,2.154398872186216729e-02,9.855326561246757766e-01,2.000000000000000000e+00,1.000000000000000000e+00,0.000000000000000000e+00
8.500000000000000000e+01,5.400000000000000355e+00,3.000000000000000000e+00,4.500000000000000000e+00,1.500000000000000000e+00,4.569173336166916619e-04,1.293783548328669708e-01,8.856163844943977237e-01,2.000000000000000000e+00,1.000000000000000000e+00,0.000000000000000000e+00
8.600000000000000000e+01,6.000000000000000000e+00,3.399999999999999911e+00,4.500000000000000000e+00,1.600000000000000089e+00,1.836432009230519816e-02,9.697101878661722463e-01,1.685843939820547144e-02,1.000000000000000000e+00,1.000000000000000000e+00,1.000000000000000000e+00
8.700000000000000000e+01,6.700000000000000178e+00,3.100000000000000089e+00,4.700000000000000178e+00,1.500000000000000000e+00,2.056443720341446721e-02,9.749070379683270060e-01,1.375872115709352896e-02,1.000000000000000000e+00,1.000000000000000000e+00,1.000000000000000000e+00
8.800000000000000000e+01,6.299999999999999822e+00,2.299999999999999822e+00,4.400000000000000355e+00,1.300000000000000044e+00,1.684153351849110303e-02,9.668579082286596904e-01,1.904057451627030884e-02,1.000000000000000000e+00,1.000000000000000000e+00,1.000000000000000000e+00
8.900000000000000000e+01,5.599999999999999645e+00,3.000000000000000000e+00,4.099999999999999645e+00,1.300000000000000044e+00,2.137202055467450276e-02,9.747110883565511807e-01,1.342509014731067124e-02,1.000000000000000000e+00,1.000000000000000000e+00,1.000000000000000000e+00
9.000000000000000000e+01,5.500000000000000000e+00,2.500000000000000000e+00,4.000000000000000000e+00,1.300000000000000044e+00,1.708886484370081976e-02,9.667777942921679246e-01,1.886122311281271044e-02,1.000000000000000000e+00,1.000000000000000000e+00,1.000000000000000000e+00
9.100000000000000000e+01,5.500000000000000000e+00,2.600000000000000089e+00,4.400000000000000355e+00,1.199999999999999956e+00,6.994174601832463777e-03,8.883396119875553998e-01,7.795811620078248183e-02,1.000000000000000000e+00,1.000000000000000000e+00,1.000000000000000000e+00
9.200000000000000000e+01,6.099999999999999645e+00,3.000000000000000000e+00,4.599999999999999645e+00,1.399999999999999911e+00,1.689528505622232835e-02,9.666900678427780003e-01,1.905346246484437150e-02,1.000000000000000000e+00,1.000000000000000000e+00,1.000000000000000000e+00
9.300000000000000000e+01,5.799999999999999822e+00,2.600000000000000089e+00,4.000000000000000000e+00,1.199999999999999956e+00,2.136161978832746070e-02,9.753779941589958424e-01,1.320970495222316410e-02,1.000000000000000000e+00,1.000000000000000000e+00,1.000000000000000000e+00
9.400000000000000000e+01,5.000000000000000000e+00,2.299999999999999822e+00,3.299999999999999822e+00,1.000000000000000000e+00,2.325330407963794796e-02,9.737848090684453339e-01,1.287566254707319877e-02,1.000000000000000000e+00,1.000000000000000000e+00,1.000000000000000000e+00
9.500000000000000000e+01,5.599999999999999645e+00,2.700000000000000178e+00,4.200000000000000178e+00,1.300000000000000044e+00,1.693933626276671045e-02,9.664488521639342800e-01,1.910286848787747654e-02,1.000000000000000000e+00,1.000000000000000000e+00,1.000000000000000000e+00
9.600000000000000000e+01,5.700000000000000178e+00,3.000000000000000000e+00,4.200000000000000178e+00,1.199999999999999956e+00,2.152919663083317434e-02,9.751618396949592871e-01,1.320165350583215637e-02,1.000000000000000000e+00,1.000000000000000000e+00,1.000000000000000000e+00
9.700000000000000000e+01,5.700000000000000178e+00,2.899999999999999911e+00,4.200000000000000178e+00,1.300000000000000044e+00,2.055152414129194499e-02,9.740938635421435565e-01,1.404148872495282127e-02,1.000000000000000000e+00,1.000000000000000000e+00,1.000000000000000000e+00
9.800000000000000000e+01,6.200000000000000178e+00,2.899999999999999911e+00,4.299999999999999822e+00,1.300000000000000044e+00,2.131234286084729077e-02,9.755611992692734269e-01,1.317084699111773123e-02,1.000000000000000000e+00,1.000000000000000000e+00,1.000000000000000000e+00
9.900000000000000000e+01,5.099999999999999645e+00,2.500000000000000000e+00,3.000000000000000000e+00,1.100000000000000089e+00,2.988562916845803608e-02,9.667362035771341899e-01,1.231669112016788546e-02,1.000000000000000000e+00,1.000000000000000000e+00,1.000000000000000000e+00
1.000000000000000000e+02,5.700000000000000178e+00,2.799999999999999822e+00,4.099999999999999645e+00,1.300000000000000044e+00,2.081903747328087140e-02,9.744910380619691281e-01,1.377094299306307751e-02,1.000000000000000000e+00,1.000000000000000000e+00,1.000000000000000000e+00
1.010000000000000000e+02,6.299999999999999822e+00,3.299999999999999822e+00,6.000000000000000000e+00,2.500000000000000000e+00,1.192510826234175755e-04,2.091316541030257062e-02,9.860227477869433210e-01,2.000000000000000000e+00,2.000000000000000000e+00,1.000000000000000000e+00
1.020000000000000000e+02,5.799999999999999822e+00,2.700000000000000178e+00,5.099999999999999645e+00,1.899999999999999911e+00,1.193142960958443389e-04,2.091897582741715500e-02,9.860152456280059097e-01,2.000000000000000000e+00,2.000000000000000000e+00,1.000000000000000000e+00
1.030000000000000000e+02,7.099999999999999645e+00,3.000000000000000000e+00,5.900000000000000355e+00,2.100000000000000089e+00,1.192907314210445038e-04,2.092202684174329641e-02,9.860156255393278668e-01,2.000000000000000000e+00,2.000000000000000000e+00,1.000000000000000000e+00
1.040000000000000000e+02,6.299999999999999822e+00,2.899999999999999911e+00,5.599999999999999645e+00,1.800000000000000044e+00,1.193347947411046517e-04,2.092962843990207877e-02,9.860087459291074774e-01,2.000000000000000000e+00,2.000000000000000000e+00,1.000000000000000000e+00
1.050000000000000000e+02,6.500000000000000000e+00,3.000000000000000000e+00,5.799999999999999822e+00,2.200000000000000178e+00,1.192542899116376317e-04,2.091324813786039211e-02,9.860224850223318072e-01,2.000000000000000000e+00,2.000000000000000000e+00,1.000000000000000000e+00
1.060000000000000000e+02,7.599999999999999645e+00,3.000000000000000000e+00,6.599999999999999645e+00,2.100000000000000089e+00,1.192501554006660073e-04,2.091381878511689926e-02,9.860225152177133356e-01,2.000000000000000000e+00,2.000000000000000000e+00,1.000000000000000000e+00
1.070000000000000000e+02,4.900000000000000355e+00,2.500000000000000000e+00,4.500000000000000000e+00,1.699999999999999956e+00,1.194772610851944607e-04,2.092382380339890061e-02,9.860001976445127436e-01,2.000000000000000000e+00,2.000000000000000000e+00,1.000000000000000000e+00
1.080000000000000000e+02,7.299999999999999822e+00,2.899999999999999911e+00,6.299999999999999822e+00,1.800000000000000044e+00,1.193010245442724593e-04,2.092595867758237360e-02,9.860130743253672225e-01,2.000000000000000000e+00,2.000000000000000000e+00,1.000000000000000000e+00
1.090000000000000000e+02,6.700000000000000178e+00,2.500000000000000000e+00,5.799999999999999822e+00,1.800000000000000044e+00,1.192649762145244619e-04,2.091699607707543304e-02,9.860200932932137174e-01,2.000000000000000000e+00,2.000000000000000000e+00,1.000000000000000000e+00
1.100000000000000000e+02,7.200000000000000178e+00,3.600000000000000089e+00,6.099999999999999645e+00,2.500000000000000000e+00,1.192596308266478537e-04,2.091361868562025342e-02,9.860217648863883744e-01,2.000000000000000000e+00,2.000000000000000000e+00,1.000000000000000000e+00
1.110000000000000000e+02,6.500000000000000000e+00,3.200000000000000178e+00,5.099999999999999645e+00,2.000000000000000000e+00,1.295282240284856333e-04,2.347238622669914343e-02,9.840323103948565020e-01,2.000000000000000000e+00,2.000000000000000000e+00,1.000000000000000000e+00
1.120000000000000000e+02,6.400000000000000355e+00,2.700000000000000178e+00,5.299999999999999822e+00,1.899999999999999911e+00,1.194553491580866399e-04,2.095786173134250169e-02,9.859866161417225605e-01,2.000000000000000000e+00,2.000000000000000000e+00,1.000000000000000000e+00
1.130000000000000000e+02,6.799999999999999822e+00,3.000000000000000000e+00,5.500000000000000000e+00,2.100000000000000089e+00,1.194728632435938462e-04,2.096251318421576276e-02,9.859829862911464460e-01,2.000000000000000000e+00,2.000000000000000000e+00,1.000000000000000000e+00
1.140000000000000000e+02,5.700000000000000178e+00,2.500000000000000000e+00,5.000000000000000000e+00,2.000000000000000000e+00,1.192744803676032086e-04,2.091376138203268273e-02,9.860210753776027515e-01,2.000000000000000000e+00,2.000000000000000000e+00,1.000000000000000000e+00
1.150000000000000000e+02,5.799999999999999822e+00,2.799999999999999822e+00,5.099999999999999645e+00,2.399999999999999911e+00,1.192643561780016860e-04,2.091225454436397221e-02,9.860222903903451686e-01,2.000000000000000000e+00,2.000000000000000000e+00,1.000000000000000000e+00
1.160000000000000000e+02,6.400000000000000355e+00,3.200000000000000178e+00,5.299999999999999822e+00,2.299999999999999822e+00,1.193264951061872111e-04,2.091950712184476383e-02,9.860136159606642803e-01,2.000000000000000000e+00,2.000000000000000000e+00,1.000000000000000000e+00
1.170000000000000000e+02,6.500000000000000000e+00,3.000000000000000000e+00,5.500000000000000000e+00,1.800000000000000044e+00,1.201726585622565679e-04,2.113360620464754813e-02,9.858507561150362530e-01,2.000000000000000000e+00,2.000000000000000000e+00,1.000000000000000000e+00
1.180000000000000000e+02,7.700000000000000178e+00,3.799999999999999822e+00,6.700000000000000178e+00,2.200000000000000178e+00,1.192859052256453584e-04,2.092151327400502275e-02,9.860161762217052317e-01,2.000000000000000000e+00,2.000000000000000000e+00,1.000000000000000000e+00
1.190000000000000000e+02,7.700000000000000178e+00,2.600000000000000089e+00,6.900000000000000355e+00,2.299999999999999822e+00,1.192478663044882606e-04,2.091353820346486536e-02,9.860228320349896380e-01,2.000000000000000000e+00,2.000000000000000000e+00,1.000000000000000000e+00
1.200000000000000000e+02,6.000000000000000000e+00,2.200000000000000178e+00,5.000000000000000000e+00,1.500000000000000000e+00,1.203465781837627379e-04,2.118012223649250875e-02,9.858169536960681434e-01,2.000000000000000000e+00,2.000000000000000000e+00,1.000000000000000000e+00
1.210000000000000000e+02,6.900000000000000355e+00,3.200000000000000178e+00,5.700000000000000178e+00,2.299999999999999822e+00,1.192839746100878950e-04,2.091793532755242824e-02,9.860179106615631905e-01,2.000000000000000000e+00,2.000000000000000000e+00,1.000000000000000000e+00
1.220000000000000000e+02,5.599999999999999645e+00,2.799999999999999822e+00,4.900000000000000355e+00,2.000000000000000000e+00,1.193437541854954940e-04,2.091567020948083624e-02,9.860141140262039805e-01,2.000000000000000000e+00,2.000000000000000000e+00,1.000000000000000000e+00
1.230000000000000000e+02,7.700000000000000178e+00,2.799999999999999822e+00,6.700000000000000178e+00,2.000000000000000000e+00,1.192493458351524767e-04,2.091377317092129803e-02,9.860226089224128909e-01,2.000000000000000000e+00,2.000000000000000000e+00,1.000000000000000000e+00
1.240000000000000000e+02,6.299999999999999822e+00,2.700000000000000178e+00,4.900000000000000355e+00,1.800000000000000044e+00,1.286599974674967721e-04,2.326449789620012309e-02,9.841997802503124060e-01,2.000000000000000000e+00,2.000000000000000000e+00,1.000000000000000000e+00
1.250000000000000000e+02,6.700000000000000178e+00,3.299999999999999822e+00,5.700000000000000178e+00,2.100000000000000089e+00,1.193806945127633926e-04,2.093870159599022993e-02,9.860008531795043663e-01,2.000000000000000000e+00,2.000000000000000000e+00,1.000000000000000000e+00
1.260000000000000000e+02,7.200000000000000178e+00,3.200000000000000178e+00,6.000000000000000000e+00,1.800000000000000044e+00,1.212142685699937406e-04,2.140126171917581741e-02,9.856478041188694306e-01,2.000000000000000000e+00,2.000000000000000000e+00,1.000000000000000000e+00
1.270000000000000000e+02,6.200000000000000178e+00,2.799999999999999822e+00,4.799999999999999822e+00,1.800000000000000044e+00,1.417023347913005102e-04,2.665022192003609069e-02,9.815314458413619825e-01,2.000000000000000000e+00,2.000000000000000000e+00,1.000000000000000000e+00
1.280000000000000000e+02,6.099999999999999645e+00,3.000000000000000000e+00,4.900000000000000355e+00,1.800000000000000044e+00,1.356263858601672691e-04,2.503408887955562573e-02,9.828033185397172522e-01,2.000000000000000000e+00,2.000000000000000000e+00,1.000000000000000000e+00
1.290000000000000000e+02,6.400000000000000355e+00,2.799999999999999822e+00,5.599999999999999645e+00,2.100000000000000089e+00,1.192581428506269190e-04,2.091374240754753297e-02,9.860220224242864928e-01,2.000000000000000000e+00,2.000000000000000000e+00,1.000000000000000000e+00
1.300000000000000000e+02,7.200000000000000178e+00,3.000000000000000000e+00,5.799999999999999822e+00,1.600000000000000089e+00,1.501260036651758480e-04,2.898482511291501987e-02,9.796914762376496277e-01,2.000000000000000000e+00,2.000000000000000000e+00,1.000000000000000000e+00
1.310000000000000000e+02,7.400000000000000355e+00,2.799999999999999822e+00,6.099999999999999645e+00,1.899999999999999911e+00,1.193490291999583678e-04,2.093774090340093721e-02,9.860040147887794149e-01,2.000000000000000000e+00,2.000000000000000000e+00,1.000000000000000000e+00
1.320000000000000000e+02,7.900000000000000355e+00,3.799999999999999822e+00,6.400000000000000355e+00,2.000000000000000000e+00,1.306192604719481052e-04,2.379996222920524249e-02,9.837934684412402708e-01,2.000000000000000000e+00,2.000000000000000000e+00,1.000000000000000000e+00
1.330000000000000000e+02,6.400000000000000355e+00,2.799999999999999822e+00,5.599999999999999645e+00,2.200000000000000178e+00,1.192549458410300573e-04,2.091341025682019045e-02,9.860224338657597176e-01,2.000000000000000000e+00,2.000000000000000000e+00,1.000000000000000000e+00
1.340000000000000000e+02,6.299999999999999822e+00,2.799999999999999822e+00,5.099999999999999645e+00,1.500000000000000000e+00,1.984851351568305596e-04,4.282978008773425521e-02,9.681989237676348337e-01,2.000000000000000000e+00,2.000000000000000000e+00,1.000000000000000000e+00
1.350000000000000000e+02,6.099999999999999645e+00,2.600000000000000089e+00,5.599999999999999645e+00,1.399999999999999911e+00,1.195587907618807358e-04,2.098663292594593263e-02,9.859656825427159932e-01,2.000000000000000000e+00,2.000000000000000000e+00,1.000000000000000000e+00
1.360000000000000000e+02,7.700000000000000178e+00,3.000000000000000000e+00,6.099999999999999645e+00,2.299999999999999822e+00,1.192744606455226183e-04,2.091914395004448521e-02,9.860182039869711534e-01,2.000000000000000000e+00,2.000000000000000000e+00,1.000000000000000000e+00
1.370000000000000000e+02,6.299999999999999822e+00,3.399999999999999911e+00,5.599999999999999645e+00,2.399999999999999911e+00,1.192674441452973581e-04,2.091143280668121204e-02,9.860220602025510095e-01,2.000000000000000000e+00,2.000000000000000000e+00,1.000000000000000000e+00
1.380000000000000000e+02,6.400000000000000355e+00,3.100000000000000089e+00,5.500000000000000000e+00,1.800000000000000044e+00,1.201721429814985492e-04,2.113067195268154494e-02,9.858520047239606177e-01,2.000000000000000000e+00,2.000000000000000000e+00,1.000000000000000000e+00
1.390000000000000000e+02,6.000000000000000000e+00,3.000000000000000000e+00,4.799999999999999822e+00,1.800000000000000044e+00,1.414158825536211000e-04,2.653560160666561599e-02,9.816083005841647058e-01,2.000000000000000000e+00,2.000000000000000000e+00,1.000000000000000000e+00
1.400000000000000000e+02,6.900000000000000355e+00,3.100000000000000089e+00,5.400000000000000355e+00,2.100000000000000089e+00,1.207549668198477081e-04,2.127723413796051705e-02,9.857398935454497746e-01,2.000000000000000000e+00,2.000000000000000000e+00,1.000000000000000000e+00
1.410000000000000000e+02,6.700000000000000178e+00,3.100000000000000089e+00,5.599999999999999645e+00,2.399999999999999911e+00,1.192613069282786323e-04,2.091319064766560334e-02,9.860218873012492891e-01,2.000000000000000000e+00,2.000000000000000000e+00,1.000000000000000000e+00
1.420000000000000000e+02,6.900000000000000355e+00,3.100000000000000089e+00,5.099999999999999645e+00,2.299999999999999822e+00,1.216270997842742064e-04,2.148518115106335183e-02,9.855765487391566770e-01,2.000000000000000000e+00,2.000000000000000000e+00,1.000000000000000000e+00
1.430000000000000000e+02,5.799999999999999822e+00,2.700000000000000178e+00,5.099999999999999645e+00,1.899999999999999911e+00,1.193142960958443389e-04,2.091897582741715500e-02,9.860152456280059097e-01,2.000000000000000000e+00,2.000000000000000000e+00,1.000000000000000000e+00
1.440000000000000000e+02,6.799999999999999822e+00,3.200000000000000178e+00,5.900000000000000355e+00,2.299999999999999822e+00,1.192563740762036319e-04,2.091335341868866618e-02,9.860222091396373401e-01,2.000000000000000000e+00,2.000000000000000000e+00,1.000000000000000000e+00
1.450000000000000000e+02,6.700000000000000178e+00,3.299999999999999822e+00,5.700000000000000178e+00,2.500000000000000000e+00,1.192592044484472850e-04,2.091255724304878078e-02,9.860222974320972389e-01,2.000000000000000000e+00,2.000000000000000000e+00,1.000000000000000000e+00
1.460000000000000000e+02,6.700000000000000178e+00,3.000000000000000000e+00,5.200000000000000178e+00,2.299999999999999822e+00,1.194650053995795284e-04,2.095513753827881256e-02,9.859867765062276801e-01,2.000000000000000000e+00,2.000000000000000000e+00,1.000000000000000000e+00
1.470000000000000000e+02,6.299999999999999822e+00,2.500000000000000000e+00,5.000000000000000000e+00,1.899999999999999911e+00,1.197320671856386831e-04,2.102342491802303842e-02,9.859354475989862143e-01,2.000000000000000000e+00,2.000000000000000000e+00,1.000000000000000000e+00
1.480000000000000000e+02,6.500000000000000000e+00,3.000000000000000000e+00,5.200000000000000178e+00,2.000000000000000000e+00,1.207082603463997497e-04,2.125857990149974952e-02,9.857518451184426045e-01,2.000000000000000000e+00,2.000000000000000000e+00,1.000000000000000000e+00
1.490000000000000000e+02,6.200000000000000178e+00,3.399999999999999911e+00,5.400000000000000355e+00,2.299999999999999822e+00,1.193044593939600556e-04,2.091233287476033237e-02,9.860184779034857350e-01,2.000000000000000000e+00,2.000000000000000000e+00,1.000000000000000000e+00
1.500000000000000000e+02,5.900000000000000355e+00,3.000000000000000000e+00,5.099999999999999645e+00,1.800000000000000044e+00,1.202593257695001362e-04,2.113433802250772042e-02,9.858430062608383171e-01,2.000000000000000000e+00,2.000000000000000000e+00,1.000000000000000000e+00
