# epoch,trial1,trial2,trial3,trial4,trial5
1.0,0.33333333333333326,0.33333333333333326,0.33333333333333326,0.33333333333333326,0.33333333333333326
2.0,0.33333333333333326,0.33333333333333326,0.33333333333333326,0.33333333333333326,0.33333333333333326
3.0,0.33333333333333326,0.33333333333333326,0.33333333333333326,0.33333333333333326,0.33333333333333326
4.0,0.33333333333333326,0.33333333333333326,0.33333333333333326,0.33333333333333326,0.33333333333333326
5.0,0.33333333333333326,0.33333333333333326,0.33333333333333326,0.33333333333333326,0.33333333333333326
6.0,0.33333333333333326,0.33333333333333326,0.33333333333333326,0.33333333333333326,0.33333333333333326
7.0,0.33333333333333326,0.33333333333333326,0.33333333333333326,0.33333333333333326,0.33333333333333326
8.0,0.33333333333333326,0.33333333333333326,0.33333333333333326,0.33333333333333326,0.33333333333333326
9.0,0.33333333333333326,0.33333333333333326,0.33333333333333326,0.33333333333333326,0.33333333333333326
10.0,0.33333333333333326,0.33333333333333326,0.33333333333333326,0.33333333333333326,0.33333333333333326
11.0,0.33333333333333326,0.33333333333333326,0.4,0.33333333333333326,0.33333333333333326
12.0,0.33333333333333326,0.33333333333333326,0.64,0.33333333333333326,0.33333333333333326
13.0,0.33333333333333326,0.33333333333333326,0.6666666666666665,0.33333333333333326,0.33333333333333326
14.0,0.33333333333333326,0.33333333333333326,0.6666666666666665,0.33333333333333326,0.33333333333333326
15.0,0.33333333333333326,0.33333333333333326,0.6666666666666665,0.33333333333333326,0.34
16.0,0.33333333333333326,0.33333333333333326,0.6666666666666665,0.33333333333333326,0.5
17.0,0.33333333333333326,0.33333333333333326,0.6666666666666665,0.33333333333333326,0.6466666666666665
18.0,0.33333333333333326,0.33333333333333326,0.6666666666666665,0.33333333333333326,0.6666666666666665
19.0,0.33333333333333326,0.33333333333333326,0.6666666666666665,0.33333333333333326,0.6666666666666665
20.0,0.33333333333333326,0.33333333333333326,0.6666666666666665,0.33333333333333326,0.6666666666666665
21.0,0.33333333333333326,0.4133333333333333,0.6666666666666665,0.33333333333333326,0.6666666666666665
22.0,0.33333333333333326,0.6266666666666668,0.6666666666666665,0.33333333333333326,0.6666666666666665
23.0,0.33333333333333326,0.66,0.6666666666666665,0.33333333333333326,0.6666666666666665
24.0,0.33333333333333326,0.6666666666666665,0.6666666666666665,0.33333333333333326,0.6666666666666665
25.0,0.33333333333333326,0.6666666666666665,0.6666666666666665,0.33333333333333326,0.6666666666666665
26.0,0.34,0.6666666666666665,0.6666666666666665,0.33333333333333326,0.6666666666666665
27.0,0.3466666666666667,0.6666666666666665,0.6666666666666665,0.33333333333333326,0.6666666666666665
28.0,0.3466666666666667,0.6666666666666665,0.6266666666666668,0.33333333333333326,0.6666666666666665
29.0,0.3466666666666667,0.6666666666666665,0.4933333333333332,0.33333333333333326,0.6666666666666665
30.0,0.3466666666666667,0.6666666666666665,0.43333333333333324,0.33333333333333326,0.6666666666666665
31.0,0.3466666666666667,0.6666666666666665,0.4666666666666666,0.33333333333333326,0.68
32.0,0.3466666666666667,0.6666666666666665,0.5266666666666666,0.33333333333333326,0.68
33.0,0.3466666666666667,0.6666666666666665,0.5933333333333334,0.33333333333333326,0.68
34.0,0.3466666666666667,0.6733333333333332,0.6466666666666665,0.33333333333333326,0.68
35.0,0.3466666666666667,0.68,0.66,0.34,0.68
36.0,0.3533333333333333,0.68,0.6666666666666665,0.34,0.6866666666666665
37.0,0.3533333333333333,0.68,0.6666666666666665,0.34,0.6866666666666665
38.0,0.3533333333333333,0.68,0.6666666666666665,0.34,0.6866666666666665
39.0,0.4,0.68,0.6733333333333332,0.34,0.6933333333333334
40.0,0.5733333333333334,0.6866666666666665,0.68,0.34,0.7
41.0,0.6933333333333334,0.6866666666666665,0.68,0.3466666666666667,0.72
42.0,0.7266666666666665,0.6866666666666665,0.68,0.3466666666666667,0.7266666666666665
43.0,0.74,0.6933333333333334,0.68,0.3466666666666667,0.7466666666666668
44.0,0.76,0.7,0.68,0.3466666666666667,0.76
45.0,0.76,0.7133333333333334,0.6866666666666665,0.3533333333333333,0.76
46.0,0.76,0.7333333333333331,0.6866666666666665,0.3533333333333333,0.76
47.0,0.76,0.7466666666666668,0.6866666666666665,0.3533333333333333,0.76
48.0,0.76,0.7466666666666668,0.6933333333333334,0.3533333333333333,0.76
49.0,0.7866666666666665,0.76,0.6933333333333334,0.3533333333333333,0.7666666666666668
50.0,0.7866666666666665,0.76,0.7066666666666666,0.3533333333333333,0.7933333333333332
51.0,0.7933333333333332,0.76,0.72,0.3533333333333333,0.7933333333333332
52.0,0.7933333333333332,0.76,0.7466666666666668,0.3533333333333333,0.7933333333333332
53.0,0.7933333333333332,0.7666666666666668,0.7466666666666668,0.3533333333333333,0.7933333333333332
54.0,0.7933333333333332,0.7666666666666668,0.7533333333333332,0.36666666666666653,0.7933333333333332
55.0,0.7933333333333332,0.7866666666666665,0.7533333333333332,0.36666666666666653,0.8
56.0,0.8066666666666665,0.7933333333333332,0.76,0.36666666666666653,0.8
57.0,0.8066666666666665,0.7933333333333332,0.76,0.36666666666666653,0.8066666666666665
58.0,0.8066666666666665,0.8,0.7666666666666668,0.36666666666666653,0.8133333333333332
59.0,0.82,0.8,0.7666666666666668,0.3733333333333334,0.8133333333333332
60.0,0.8266666666666665,0.8,0.78,0.38,0.8133333333333332
61.0,0.8266666666666665,0.8066666666666665,0.7866666666666665,0.3866666666666666,0.8133333333333332
62.0,0.8266666666666665,0.8133333333333332,0.7933333333333332,0.39333333333333326,0.82
63.0,0.8333333333333331,0.8133333333333332,0.8,0.39333333333333326,0.8266666666666665
64.0,0.8333333333333331,0.8133333333333332,0.8,0.39333333333333326,0.8399999999999999
65.0,0.8399999999999999,0.8133333333333332,0.8066666666666665,0.4466666666666666,0.8399999999999999
66.0,0.8399999999999999,0.82,0.8066666666666665,0.5533333333333332,0.8466666666666665
67.0,0.8466666666666665,0.82,0.8133333333333332,0.7066666666666666,0.8466666666666665
68.0,0.8466666666666665,0.8266666666666665,0.8133333333333332,0.74,0.8466666666666665
69.0,0.8533333333333335,0.8333333333333331,0.8133333333333332,0.7466666666666668,0.8466666666666665
70.0,0.86,0.8399999999999999,0.82,0.76,0.8533333333333335
71.0,0.86,0.8466666666666665,0.82,0.76,0.8533333333333335
72.0,0.86,0.8466666666666665,0.82,0.76,0.8533333333333335
73.0,0.86,0.8533333333333335,0.82,0.7866666666666665,0.8533333333333335
74.0,0.86,0.8533333333333335,0.8266666666666665,0.7866666666666665,0.86
75.0,0.86,0.8533333333333335,0.8333333333333331,0.7866666666666665,0.86
76.0,0.86,0.8533333333333335,0.8333333333333331,0.7866666666666665,0.86
77.0,0.86,0.8533333333333335,0.8333333333333331,0.7866666666666665,0.86
78.0,0.8666666666666668,0.86,0.8399999999999999,0.7933333333333332,0.86
79.0,0.8666666666666668,0.86,0.8466666666666665,0.8,0.86
80.0,0.8666666666666668,0.86,0.8533333333333335,0.8,0.8666666666666668
81.0,0.8733333333333332,0.86,0.8533333333333335,0.8066666666666665,0.8666666666666668
82.0,0.8733333333333332,0.86,0.8533333333333335,0.8066666666666665,0.8666666666666668
83.0,0.8733333333333332,0.86,0.86,0.8133333333333332,0.8733333333333332
84.0,0.8733333333333332,0.86,0.86,0.82,0.8733333333333332
85.0,0.8733333333333332,0.86,0.86,0.8266666666666665,0.8733333333333332
86.0,0.8733333333333332,0.86,0.86,0.8266666666666665,0.8733333333333332
87.0,0.8733333333333332,0.8733333333333332,0.86,0.8333333333333331,0.8733333333333332
88.0,0.8733333333333332,0.8733333333333332,0.86,0.8333333333333331,0.8733333333333332
89.0,0.8733333333333332,0.8733333333333332,0.86,0.8333333333333331,0.8733333333333332
90.0,0.8733333333333332,0.8733333333333332,0.86,0.8399999999999999,0.8733333333333332
91.0,0.8733333333333332,0.8733333333333332,0.86,0.8399999999999999,0.8733333333333332
92.0,0.8733333333333332,0.8733333333333332,0.86,0.8399999999999999,0.8733333333333332
93.0,0.8733333333333332,0.8733333333333332,0.86,0.8399999999999999,0.8733333333333332
94.0,0.8733333333333332,0.8733333333333332,0.86,0.8399999999999999,0.8733333333333332
95.0,0.8733333333333332,0.8733333333333332,0.86,0.8399999999999999,0.8733333333333332
96.0,0.8733333333333332,0.8733333333333332,0.8733333333333332,0.8399999999999999,0.8733333333333332
97.0,0.8733333333333332,0.8733333333333332,0.8733333333333332,0.8466666666666665,0.8733333333333332
98.0,0.8733333333333332,0.8733333333333332,0.8733333333333332,0.8533333333333335,0.8733333333333332
99.0,0.8733333333333332,0.8733333333333332,0.8733333333333332,0.8533333333333335,0.8733333333333332
100.0,0.8733333333333332,0.8733333333333332,0.8733333333333332,0.8533333333333335,0.8733333333333332
101.0,0.8733333333333332,0.8733333333333332,0.8733333333333332,0.86,0.8733333333333332
102.0,0.8733333333333332,0.8733333333333332,0.8733333333333332,0.86,0.8733333333333332
103.0,0.8733333333333332,0.8733333333333332,0.8733333333333332,0.86,0.8733333333333332
104.0,0.8733333333333332,0.8733333333333332,0.8733333333333332,0.86,0.8733333333333332
105.0,0.8733333333333332,0.8733333333333332,0.8733333333333332,0.86,0.8733333333333332
106.0,0.8733333333333332,0.8733333333333332,0.8733333333333332,0.86,0.8733333333333332
107.0,0.8733333333333332,0.8733333333333332,0.8733333333333332,0.86,0.8733333333333332
108.0,0.8733333333333332,0.8733333333333332,0.8733333333333332,0.86,0.8733333333333332
109.0,0.8733333333333332,0.8733333333333332,0.8733333333333332,0.86,0.8733333333333332
110.0,0.8666666666666668,0.8733333333333332,0.8733333333333332,0.86,0.8733333333333332
111.0,0.8666666666666668,0.8733333333333332,0.8733333333333332,0.86,0.8733333333333332
112.0,0.8666666666666668,0.8733333333333332,0.8733333333333332,0.86,0.8733333333333332
113.0,0.8666666666666668,0.8733333333333332,0.8733333333333332,0.86,0.8733333333333332
114.0,0.8666666666666668,0.8733333333333332,0.8733333333333332,0.86,0.8733333333333332
115.0,0.8666666666666668,0.88,0.8733333333333332,0.86,0.8733333333333332
116.0,0.8666666666666668,0.88,0.8733333333333332,0.8666666666666668,0.8733333333333332
117.0,0.8666666666666668,0.88,0.8733333333333332,0.8666666666666668,0.8733333333333332
118.0,0.8666666666666668,0.88,0.8733333333333332,0.8666666666666668,0.8733333333333332
119.0,0.8666666666666668,0.88,0.8733333333333332,0.8666666666666668,0.8733333333333332
120.0,0.8666666666666668,0.88,0.8733333333333332,0.8666666666666668,0.8733333333333332
121.0,0.8666666666666668,0.88,0.8733333333333332,0.8733333333333332,0.8733333333333332
122.0,0.8666666666666668,0.8866666666666668,0.8666666666666668,0.8733333333333332,0.8733333333333332
123.0,0.8666666666666668,0.8866666666666668,0.8666666666666668,0.8733333333333332,0.8733333333333332
124.0,0.8666666666666668,0.8866666666666668,0.8666666666666668,0.8733333333333332,0.8733333333333332
125.0,0.8666666666666668,0.8866666666666668,0.8666666666666668,0.8733333333333332,0.8733333333333332
126.0,0.8666666666666668,0.8866666666666668,0.8666666666666668,0.8733333333333332,0.8733333333333332
127.0,0.8666666666666668,0.8866666666666668,0.8666666666666668,0.8733333333333332,0.8733333333333332
128.0,0.8666666666666668,0.8866666666666668,0.8666666666666668,0.8733333333333332,0.8733333333333332
129.0,0.8666666666666668,0.8866666666666668,0.8733333333333332,0.8733333333333332,0.8733333333333332
130.0,0.8733333333333332,0.8866666666666668,0.8733333333333332,0.8733333333333332,0.8733333333333332
131.0,0.8733333333333332,0.8933333333333332,0.8733333333333332,0.8733333333333332,0.8733333333333332
132.0,0.8733333333333332,0.8933333333333332,0.8733333333333332,0.8733333333333332,0.88
133.0,0.8733333333333332,0.9,0.8733333333333332,0.8733333333333332,0.88
134.0,0.8733333333333332,0.9133333333333332,0.8733333333333332,0.8733333333333332,0.88
135.0,0.8733333333333332,0.9133333333333332,0.8733333333333332,0.8733333333333332,0.9
136.0,0.8733333333333332,0.9133333333333332,0.8733333333333332,0.8733333333333332,0.9066666666666664
137.0,0.8733333333333332,0.9133333333333332,0.8733333333333332,0.8733333333333332,0.9133333333333332
138.0,0.8733333333333332,0.9133333333333332,0.8733333333333332,0.8733333333333332,0.9133333333333332
139.0,0.8733333333333332,0.9133333333333332,0.8733333333333332,0.8733333333333332,0.9133333333333332
140.0,0.88,0.9133333333333332,0.8733333333333332,0.8733333333333332,0.92
141.0,0.88,0.9133333333333332,0.88,0.8733333333333332,0.92
142.0,0.88,0.9133333333333332,0.8933333333333332,0.8733333333333332,0.92
143.0,0.88,0.9133333333333332,0.9133333333333332,0.8733333333333332,0.92
144.0,0.8866666666666668,0.9133333333333332,0.9133333333333332,0.8733333333333332,0.92
145.0,0.9066666666666664,0.9133333333333332,0.9133333333333332,0.8733333333333332,0.92
146.0,0.9066666666666664,0.9133333333333332,0.9133333333333332,0.8733333333333332,0.92
147.0,0.9133333333333332,0.9133333333333332,0.9133333333333332,0.8733333333333332,0.9266666666666664
148.0,0.9133333333333332,0.9133333333333332,0.92,0.8733333333333332,0.9333333333333332
149.0,0.9133333333333332,0.9133333333333332,0.92,0.8733333333333332,0.9333333333333332
150.0,0.92,0.9133333333333332,0.92,0.88,0.9333333333333332
151.0,0.92,0.9133333333333332,0.92,0.88,0.9333333333333332
152.0,0.92,0.9133333333333332,0.92,0.88,0.9333333333333332
153.0,0.9266666666666664,0.92,0.92,0.88,0.9333333333333332
154.0,0.9266666666666664,0.92,0.9266666666666664,0.88,0.94
155.0,0.9333333333333332,0.92,0.9333333333333332,0.88,0.94
156.0,0.9333333333333332,0.92,0.9333333333333332,0.88,0.94
157.0,0.9333333333333332,0.92,0.9333333333333332,0.88,0.94
158.0,0.9333333333333332,0.92,0.9333333333333332,0.88,0.94
159.0,0.94,0.92,0.9333333333333332,0.88,0.94
160.0,0.94,0.92,0.94,0.88,0.94
161.0,0.94,0.92,0.94,0.88,0.94
162.0,0.94,0.92,0.94,0.88,0.94
163.0,0.94,0.92,0.94,0.88,0.94
164.0,0.94,0.92,0.94,0.88,0.94
165.0,0.94,0.9266666666666664,0.94,0.88,0.94
166.0,0.94,0.9266666666666664,0.94,0.88,0.94
167.0,0.94,0.9266666666666664,0.94,0.88,0.94
168.0,0.94,0.9266666666666664,0.94,0.88,0.94
169.0,0.94,0.9333333333333332,0.94,0.88,0.94
170.0,0.94,0.9333333333333332,0.94,0.88,0.94
171.0,0.94,0.9333333333333332,0.94,0.88,0.94
172.0,0.94,0.9333333333333332,0.94,0.88,0.94
173.0,0.9466666666666664,0.9333333333333332,0.94,0.88,0.94
174.0,0.9466666666666664,0.9333333333333332,0.94,0.88,0.94
175.0,0.9466666666666664,0.9333333333333332,0.94,0.88,0.9466666666666664
176.0,0.9466666666666664,0.9333333333333332,0.94,0.88,0.9466666666666664
177.0,0.9466666666666664,0.9333333333333332,0.94,0.88,0.9466666666666664
178.0,0.9466666666666664,0.9333333333333332,0.94,0.88,0.9466666666666664
179.0,0.9466666666666664,0.9333333333333332,0.94,0.88,0.9466666666666664
180.0,0.9466666666666664,0.9333333333333332,0.94,0.8933333333333332,0.9466666666666664
181.0,0.9466666666666664,0.9333333333333332,0.94,0.8933333333333332,0.9466666666666664
182.0,0.9466666666666664,0.94,0.94,0.8933333333333332,0.9466666666666664
183.0,0.9466666666666664,0.94,0.9466666666666664,0.9066666666666664,0.9466666666666664
184.0,0.9466666666666664,0.94,0.9466666666666664,0.9133333333333332,0.9466666666666664
185.0,0.9466666666666664,0.94,0.9466666666666664,0.9133333333333332,0.9466666666666664
186.0,0.9466666666666664,0.94,0.9466666666666664,0.92,0.9466666666666664
187.0,0.9466666666666664,0.94,0.9466666666666664,0.92,0.9466666666666664
188.0,0.9466666666666664,0.94,0.9466666666666664,0.92,0.9466666666666664
189.0,0.9466666666666664,0.94,0.9466666666666664,0.92,0.9466666666666664
190.0,0.9466666666666664,0.94,0.9466666666666664,0.92,0.9466666666666664
191.0,0.9466666666666664,0.94,0.9466666666666664,0.9266666666666664,0.9466666666666664
192.0,0.9466666666666664,0.94,0.9466666666666664,0.9266666666666664,0.9466666666666664
193.0,0.9466666666666664,0.94,0.9466666666666664,0.9266666666666664,0.9466666666666664
194.0,0.9466666666666664,0.94,0.9466666666666664,0.9266666666666664,0.9466666666666664
195.0,0.9466666666666664,0.94,0.9466666666666664,0.9266666666666664,0.9466666666666664
196.0,0.9466666666666664,0.94,0.9466666666666664,0.9266666666666664,0.9466666666666664
197.0,0.9466666666666664,0.94,0.9466666666666664,0.9266666666666664,0.9466666666666664
198.0,0.9466666666666664,0.94,0.9466666666666664,0.9266666666666664,0.9466666666666664
199.0,0.9466666666666664,0.94,0.9466666666666664,0.9266666666666664,0.9466666666666664
200.0,0.9466666666666664,0.94,0.9466666666666664,0.9266666666666664,0.9466666666666664
201.0,0.9466666666666664,0.94,0.9466666666666664,0.9333333333333332,0.9466666666666664
202.0,0.9466666666666664,0.94,0.9466666666666664,0.9333333333333332,0.9466666666666664
203.0,0.9466666666666664,0.94,0.9466666666666664,0.9333333333333332,0.9466666666666664
204.0,0.9466666666666664,0.94,0.9466666666666664,0.9333333333333332,0.9466666666666664
205.0,0.9466666666666664,0.94,0.9466666666666664,0.9333333333333332,0.9466666666666664
206.0,0.94,0.94,0.9466666666666664,0.9333333333333332,0.9466666666666664
207.0,0.94,0.94,0.9466666666666664,0.9333333333333332,0.9466666666666664
208.0,0.94,0.94,0.9466666666666664,0.9333333333333332,0.94
209.0,0.94,0.94,0.9466666666666664,0.9333333333333332,0.9466666666666664
210.0,0.94,0.94,0.9466666666666664,0.9333333333333332,0.9066666666666664
211.0,0.94,0.94,0.9466666666666664,0.9333333333333332,0.96
212.0,0.94,0.94,0.9466666666666664,0.9333333333333332,0.9133333333333332
213.0,0.94,0.94,0.9466666666666664,0.9333333333333332,0.94
214.0,0.94,0.94,0.9333333333333332,0.9333333333333332,0.9533333333333333
215.0,0.94,0.94,0.9466666666666664,0.9333333333333332,0.9133333333333332
216.0,0.94,0.94,0.9333333333333332,0.9333333333333332,0.96
217.0,0.94,0.94,0.9466666666666664,0.9333333333333332,0.9066666666666664
218.0,0.94,0.94,0.9266666666666664,0.9333333333333332,0.9533333333333333
219.0,0.94,0.94,0.88,0.9333333333333332,0.9133333333333332
220.0,0.94,0.94,0.9533333333333333,0.9333333333333332,0.9133333333333332
221.0,0.94,0.94,0.8933333333333332,0.9333333333333332,0.9133333333333332
222.0,0.94,0.94,0.96,0.9333333333333332,0.9466666666666664
223.0,0.94,0.94,0.9133333333333332,0.9333333333333332,0.96
224.0,0.94,0.94,0.96,0.9333333333333332,0.94
225.0,0.94,0.94,0.92,0.9333333333333332,0.96
226.0,0.94,0.94,0.9533333333333333,0.9333333333333332,0.9133333333333332
227.0,0.94,0.94,0.9133333333333332,0.9333333333333332,0.9133333333333332
228.0,0.94,0.94,0.9466666666666664,0.9333333333333332,0.94
229.0,0.94,0.94,0.9533333333333333,0.9333333333333332,0.96
230.0,0.94,0.94,0.9133333333333332,0.9333333333333332,0.92
231.0,0.94,0.94,0.96,0.9333333333333332,0.96
232.0,0.94,0.94,0.9266666666666664,0.9333333333333332,0.9133333333333332
233.0,0.94,0.94,0.96,0.9266666666666664,0.9133333333333332
234.0,0.94,0.94,0.9133333333333332,0.9266666666666664,0.9533333333333333
235.0,0.94,0.94,0.96,0.9266666666666664,0.92
236.0,0.94,0.94,0.92,0.9266666666666664,0.96
237.0,0.94,0.94,0.9533333333333333,0.9266666666666664,0.9133333333333332
238.0,0.94,0.94,0.9333333333333332,0.9266666666666664,0.94
239.0,0.94,0.94,0.96,0.9266666666666664,0.96
240.0,0.94,0.94,0.9133333333333332,0.9266666666666664,0.9133333333333332
241.0,0.94,0.94,0.96,0.9266666666666664,0.94
242.0,0.94,0.94,0.9133333333333332,0.9266666666666664,0.96
243.0,0.94,0.94,0.96,0.9266666666666664,0.9133333333333332
244.0,0.94,0.94,0.92,0.9266666666666664,0.9466666666666664
245.0,0.94,0.94,0.96,0.9266666666666664,0.96
246.0,0.9466666666666664,0.94,0.9133333333333332,0.9266666666666664,0.9466666666666664
247.0,0.9466666666666664,0.94,0.9333333333333332,0.9266666666666664,0.94
248.0,0.92,0.94,0.96,0.9266666666666664,0.9533333333333333
249.0,0.9266666666666664,0.94,0.9133333333333332,0.9266666666666664,0.96
250.0,0.9466666666666664,0.94,0.92,0.9266666666666664,0.96
251.0,0.9333333333333332,0.94,0.96,0.92,0.96
252.0,0.9333333333333332,0.94,0.9333333333333332,0.92,0.9533333333333333
253.0,0.9133333333333332,0.94,0.96,0.92,0.9533333333333333
254.0,0.9466666666666664,0.94,0.9133333333333332,0.92,0.96
255.0,0.9533333333333333,0.94,0.9133333333333332,0.92,0.96
256.0,0.9133333333333332,0.94,0.96,0.92,0.96
257.0,0.94,0.94,0.92,0.92,0.96
258.0,0.92,0.94,0.9533333333333333,0.92,0.96
259.0,0.9533333333333333,0.94,0.9133333333333332,0.92,0.96
260.0,0.92,0.94,0.9466666666666664,0.92,0.96
261.0,0.9533333333333333,0.94,0.96,0.92,0.96
262.0,0.9133333333333332,0.94,0.9333333333333332,0.92,0.96
263.0,0.9533333333333333,0.94,0.96,0.92,0.96
264.0,0.9133333333333332,0.94,0.96,0.92,0.96
265.0,0.9533333333333333,0.94,0.96,0.92,0.96
266.0,0.9133333333333332,0.94,0.96,0.92,0.96
267.0,0.9533333333333333,0.9466666666666664,0.9533333333333333,0.9266666666666664,0.96
268.0,0.92,0.9466666666666664,0.9533333333333333,0.9266666666666664,0.96
269.0,0.9533333333333333,0.9466666666666664,0.96,0.9266666666666664,0.9666666666666665
270.0,0.92,0.9466666666666664,0.96,0.9266666666666664,0.9666666666666665
271.0,0.9533333333333333,0.9466666666666664,0.96,0.9266666666666664,0.9666666666666665
272.0,0.9333333333333332,0.9466666666666664,0.96,0.9266666666666664,0.9666666666666665
273.0,0.96,0.9466666666666664,0.96,0.9266666666666664,0.9666666666666665
274.0,0.9333333333333332,0.9466666666666664,0.96,0.9266666666666664,0.9666666666666665
275.0,0.9533333333333333,0.9466666666666664,0.96,0.9266666666666664,0.9666666666666665
276.0,0.9466666666666664,0.9466666666666664,0.96,0.9333333333333332,0.9666666666666665
277.0,0.9533333333333333,0.9466666666666664,0.96,0.9333333333333332,0.9666666666666665
278.0,0.9666666666666665,0.9466666666666664,0.96,0.9333333333333332,0.9666666666666665
279.0,0.9666666666666665,0.9466666666666664,0.96,0.9333333333333332,0.9666666666666665
280.0,0.9533333333333333,0.9466666666666664,0.96,0.9333333333333332,0.9666666666666665
281.0,0.9466666666666664,0.9466666666666664,0.96,0.9333333333333332,0.9666666666666665
282.0,0.9666666666666665,0.9466666666666664,0.96,0.9333333333333332,0.9666666666666665
283.0,0.9666666666666665,0.9466666666666664,0.96,0.94,0.9666666666666665
284.0,0.9666666666666665,0.9466666666666664,0.96,0.9266666666666664,0.9666666666666665
285.0,0.9666666666666665,0.9466666666666664,0.96,0.9466666666666664,0.9666666666666665
286.0,0.9666666666666665,0.9466666666666664,0.96,0.9266666666666664,0.9666666666666665
287.0,0.9666666666666665,0.9466666666666664,0.96,0.9466666666666664,0.9666666666666665
288.0,0.9666666666666665,0.9466666666666664,0.96,0.9266666666666664,0.9666666666666665
289.0,0.9666666666666665,0.9466666666666664,0.96,0.9466666666666664,0.9666666666666665
290.0,0.9666666666666665,0.9533333333333333,0.96,0.9266666666666664,0.9666666666666665
291.0,0.9666666666666665,0.9533333333333333,0.96,0.9466666666666664,0.9666666666666665
292.0,0.9666666666666665,0.9533333333333333,0.9666666666666665,0.9266666666666664,0.9666666666666665
293.0,0.9666666666666665,0.9533333333333333,0.9666666666666665,0.9466666666666664,0.9666666666666665
294.0,0.9666666666666665,0.9533333333333333,0.9666666666666665,0.9266666666666664,0.9666666666666665
295.0,0.9666666666666665,0.9533333333333333,0.9666666666666665,0.9466666666666664,0.9666666666666665
296.0,0.9666666666666665,0.96,0.9666666666666665,0.9266666666666664,0.9666666666666665
297.0,0.9666666666666665,0.9666666666666665,0.9666666666666665,0.9466666666666664,0.9666666666666665
298.0,0.9666666666666665,0.9666666666666665,0.9666666666666665,0.9333333333333332,0.9666666666666665
299.0,0.9666666666666665,0.9666666666666665,0.9666666666666665,0.9533333333333333,0.9666666666666665
300.0,0.9666666666666665,0.9666666666666665,0.9666666666666665,0.9266666666666664,0.9666666666666665
301.0,0.9666666666666665,0.9666666666666665,0.9666666666666665,0.9266666666666664,0.9666666666666665
302.0,0.9666666666666665,0.96,0.9666666666666665,0.9266666666666664,0.9666666666666665
303.0,0.9666666666666665,0.96,0.9666666666666665,0.9333333333333332,0.9666666666666665
304.0,0.9666666666666665,0.96,0.9666666666666665,0.9466666666666664,0.9666666666666665
305.0,0.9666666666666665,0.9666666666666665,0.9666666666666665,0.9333333333333332,0.9666666666666665
306.0,0.9666666666666665,0.9666666666666665,0.9666666666666665,0.9333333333333332,0.9666666666666665
307.0,0.9666666666666665,0.9666666666666665,0.9666666666666665,0.9533333333333333,0.9666666666666665
308.0,0.9666666666666665,0.9666666666666665,0.9666666666666665,0.9333333333333332,0.9666666666666665
309.0,0.9666666666666665,0.9666666666666665,0.9666666666666665,0.9333333333333332,0.9666666666666665
310.0,0.9666666666666665,0.9666666666666665,0.9666666666666665,0.9333333333333332,0.9666666666666665
311.0,0.9666666666666665,0.9666666666666665,0.9666666666666665,0.9333333333333332,0.9666666666666665
312.0,0.9666666666666665,0.9666666666666665,0.9666666666666665,0.9333333333333332,0.9666666666666665
313.0,0.9666666666666665,0.9666666666666665,0.9666666666666665,0.9333333333333332,0.9666666666666665
314.0,0.9666666666666665,0.9666666666666665,0.9666666666666665,0.9533333333333333,0.9666666666666665
315.0,0.9666666666666665,0.9666666666666665,0.9666666666666665,0.9333333333333332,0.9666666666666665
316.0,0.9666666666666665,0.9666666666666665,0.9666666666666665,0.9533333333333333,0.9666666666666665
317.0,0.9666666666666665,0.9666666666666665,0.9666666666666665,0.9333333333333332,0.9666666666666665
318.0,0.9666666666666665,0.9666666666666665,0.9666666666666665,0.9333333333333332,0.9666666666666665
319.0,0.9666666666666665,0.9666666666666665,0.9666666666666665,0.9333333333333332,0.9666666666666665
320.0,0.9666666666666665,0.9666666666666665,0.9666666666666665,0.9333333333333332,0.9666666666666665
321.0,0.9666666666666665,0.9666666666666665,0.9666666666666665,0.9466666666666664,0.9666666666666665
322.0,0.9666666666666665,0.9666666666666665,0.9666666666666665,0.9466666666666664,0.9666666666666665
323.0,0.9666666666666665,0.9666666666666665,0.9666666666666665,0.9466666666666664,0.9666666666666665
324.0,0.9666666666666665,0.9666666666666665,0.9666666666666665,0.9466666666666664,0.9666666666666665
325.0,0.9666666666666665,0.9666666666666665,0.9666666666666665,0.9466666666666664,0.9666666666666665
326.0,0.9666666666666665,0.9666666666666665,0.9666666666666665,0.9466666666666664,0.9666666666666665
327.0,0.9666666666666665,0.9666666666666665,0.9666666666666665,0.9466666666666664,0.9666666666666665
328.0,0.9666666666666665,0.9666666666666665,0.9666666666666665,0.9466666666666664,0.9666666666666665
329.0,0.9666666666666665,0.9666666666666665,0.9666666666666665,0.9466666666666664,0.9666666666666665
330.0,0.9666666666666665,0.9666666666666665,0.9666666666666665,0.9533333333333333,0.9666666666666665
331.0,0.9666666666666665,0.9666666666666665,0.9666666666666665,0.9666666666666665,0.9533333333333333
332.0,0.9666666666666665,0.9666666666666665,0.9666666666666665,0.9533333333333333,0.9666666666666665
333.0,0.9666666666666665,0.9666666666666665,0.9666666666666665,0.9533333333333333,0.9533333333333333
334.0,0.9666666666666665,0.9666666666666665,0.9666666666666665,0.9533333333333333,0.9666666666666665
335.0,0.9666666666666665,0.9666666666666665,0.9666666666666665,0.9666666666666665,0.9533333333333333
336.0,0.9666666666666665,0.9666666666666665,0.9533333333333333,0.9666666666666665,0.9666666666666665
337.0,0.9666666666666665,0.9666666666666665,0.9666666666666665,0.9666666666666665,0.9533333333333333
338.0,0.9666666666666665,0.9666666666666665,0.9533333333333333,0.9666666666666665,0.9666666666666665
339.0,0.9666666666666665,0.9666666666666665,0.9666666666666665,0.9666666666666665,0.9666666666666665
340.0,0.9666666666666665,0.9666666666666665,0.9533333333333333,0.9666666666666665,0.9666666666666665
341.0,0.9666666666666665,0.9666666666666665,0.9533333333333333,0.9666666666666665,0.9666666666666665
342.0,0.9666666666666665,0.9666666666666665,0.9533333333333333,0.9666666666666665,0.9666666666666665
343.0,0.9666666666666665,0.9666666666666665,0.9533333333333333,0.9666666666666665,0.9666666666666665
344.0,0.9666666666666665,0.9666666666666665,0.9533333333333333,0.9666666666666665,0.9666666666666665
345.0,0.9666666666666665,0.9666666666666665,0.9533333333333333,0.9666666666666665,0.9666666666666665
346.0,0.9666666666666665,0.9666666666666665,0.9533333333333333,0.9666666666666665,0.9666666666666665
347.0,0.9666666666666665,0.9666666666666665,0.96,0.9666666666666665,0.9666666666666665
348.0,0.9666666666666665,0.9666666666666665,0.9666666666666665,0.9666666666666665,0.9666666666666665
349.0,0.9666666666666665,0.9666666666666665,0.9666666666666665,0.9666666666666665,0.9666666666666665
350.0,0.9666666666666665,0.9666666666666665,0.9666666666666665,0.9666666666666665,0.9666666666666665
351.0,0.9666666666666665,0.9666666666666665,0.9666666666666665,0.9666666666666665,0.9666666666666665
352.0,0.9666666666666665,0.9666666666666665,0.9666666666666665,0.9666666666666665,0.9666666666666665
353.0,0.9666666666666665,0.9666666666666665,0.9666666666666665,0.9666666666666665,0.9666666666666665
354.0,0.9666666666666665,0.9666666666666665,0.9666666666666665,0.9666666666666665,0.9666666666666665
355.0,0.9666666666666665,0.9666666666666665,0.9666666666666665,0.9666666666666665,0.9666666666666665
356.0,0.9666666666666665,0.9666666666666665,0.9666666666666665,0.9666666666666665,0.9666666666666665
357.0,0.9666666666666665,0.9666666666666665,0.9666666666666665,0.9666666666666665,0.9666666666666665
358.0,0.9666666666666665,0.9666666666666665,0.9666666666666665,0.9666666666666665,0.9533333333333333
359.0,0.9666666666666665,0.9666666666666665,0.9666666666666665,0.9666666666666665,0.9666666666666665
360.0,0.9666666666666665,0.9666666666666665,0.9666666666666665,0.9666666666666665,0.9666666666666665
361.0,0.9666666666666665,0.9666666666666665,0.9666666666666665,0.9666666666666665,0.9666666666666665
362.0,0.9666666666666665,0.9666666666666665,0.9666666666666665,0.9666666666666665,0.9666666666666665
363.0,0.9666666666666665,0.9666666666666665,0.9666666666666665,0.9666666666666665,0.9666666666666665
364.0,0.9533333333333333,0.9666666666666665,0.9666666666666665,0.9666666666666665,0.9666666666666665
365.0,0.9666666666666665,0.9666666666666665,0.9666666666666665,0.9666666666666665,0.9666666666666665
366.0,0.9533333333333333,0.9666666666666665,0.9666666666666665,0.9666666666666665,0.9666666666666665
367.0,0.9666666666666665,0.9666666666666665,0.9666666666666665,0.9666666666666665,0.9666666666666665
368.0,0.9666666666666665,0.9666666666666665,0.96,0.9666666666666665,0.9666666666666665
369.0,0.9666666666666665,0.9666666666666665,0.96,0.9666666666666665,0.9666666666666665
370.0,0.9666666666666665,0.9666666666666665,0.96,0.9666666666666665,0.9666666666666665
371.0,0.9533333333333333,0.9666666666666665,0.9666666666666665,0.9666666666666665,0.9666666666666665
372.0,0.9666666666666665,0.9666666666666665,0.9666666666666665,0.9666666666666665,0.9533333333333333
373.0,0.9533333333333333,0.9666666666666665,0.9666666666666665,0.9666666666666665,0.9666666666666665
374.0,0.9666666666666665,0.9666666666666665,0.9666666666666665,0.9666666666666665,0.9666666666666665
375.0,0.9466666666666664,0.9666666666666665,0.9666666666666665,0.9666666666666665,0.9666666666666665
376.0,0.9666666666666665,0.9666666666666665,0.9533333333333333,0.9666666666666665,0.9666666666666665
377.0,0.9666666666666665,0.9666666666666665,0.9666666666666665,0.9666666666666665,0.9666666666666665
378.0,0.9666666666666665,0.9666666666666665,0.9666666666666665,0.9666666666666665,0.9666666666666665
379.0,0.9666666666666665,0.9666666666666665,0.9666666666666665,0.9666666666666665,0.9533333333333333
380.0,0.9666666666666665,0.9666666666666665,0.9666666666666665,0.9666666666666665,0.9666666666666665
381.0,0.9533333333333333,0.9666666666666665,0.9666666666666665,0.9666666666666665,0.9666666666666665
382.0,0.9666666666666665,0.9666666666666665,0.9533333333333333,0.9666666666666665,0.9666666666666665
383.0,0.9666666666666665,0.9533333333333333,0.9466666666666664,0.9666666666666665,0.9666666666666665
384.0,0.9666666666666665,0.9666666666666665,0.9666666666666665,0.9666666666666665,0.9666666666666665
385.0,0.9666666666666665,0.9533333333333333,0.9666666666666665,0.9666666666666665,0.9666666666666665
386.0,0.9666666666666665,0.9666666666666665,0.9666666666666665,0.9666666666666665,0.9666666666666665
387.0,0.9466666666666664,0.9533333333333333,0.9533333333333333,0.9666666666666665,0.9666666666666665
388.0,0.9666666666666665,0.9666666666666665,0.9666666666666665,0.9666666666666665,0.9666666666666665
389.0,0.9666666666666665,0.9533333333333333,0.9666666666666665,0.9666666666666665,0.9466666666666664
390.0,0.9666666666666665,0.9666666666666665,0.9666666666666665,0.9666666666666665,0.9666666666666665
391.0,0.9666666666666665,0.9533333333333333,0.9533333333333333,0.9666666666666665,0.9666666666666665
392.0,0.9666666666666665,0.9666666666666665,0.9666666666666665,0.9666666666666665,0.9666666666666665
393.0,0.9666666666666665,0.9533333333333333,0.9666666666666665,0.9666666666666665,0.9666666666666665
394.0,0.9666666666666665,0.9666666666666665,0.9666666666666665,0.9666666666666665,0.9666666666666665
395.0,0.9666666666666665,0.9533333333333333,0.9666666666666665,0.9666666666666665,0.9666666666666665
396.0,0.9666666666666665,0.9666666666666665,0.9666666666666665,0.9666666666666665,0.9666666666666665
397.0,0.9666666666666665,0.9533333333333333,0.9666666666666665,0.9533333333333333,0.9666666666666665
398.0,0.9666666666666665,0.9666666666666665,0.9666666666666665,0.9533333333333333,0.9666666666666665
399.0,0.9666666666666665,0.9533333333333333,0.9666666666666665,0.9533333333333333,0.9666666666666665
400.0,0.9666666666666665,0.9666666666666665,0.9466666666666664,0.9533333333333333,0.9666666666666665
401.0,0.9533333333333333,0.9533333333333333,0.9666666666666665,0.9533333333333333,0.9666666666666665
402.0,0.9533333333333333,0.9666666666666665,0.9666666666666665,0.9533333333333333,0.9666666666666665
403.0,0.9533333333333333,0.9533333333333333,0.9666666666666665,0.9666666666666665,0.9666666666666665
404.0,0.9666666666666665,0.9666666666666665,0.9533333333333333,0.9666666666666665,0.9666666666666665
405.0,0.9666666666666665,0.9533333333333333,0.9666666666666665,0.9666666666666665,0.9666666666666665
406.0,0.9666666666666665,0.9666666666666665,0.9666666666666665,0.96,0.9666666666666665
407.0,0.9533333333333333,0.9533333333333333,0.9533333333333333,0.96,0.9666666666666665
408.0,0.9666666666666665,0.9666666666666665,0.9666666666666665,0.9666666666666665,0.9533333333333333
409.0,0.9533333333333333,0.9533333333333333,0.9533333333333333,0.9666666666666665,0.96
410.0,0.9666666666666665,0.9666666666666665,0.9666666666666665,0.9533333333333333,0.9666666666666665
411.0,0.9666666666666665,0.9533333333333333,0.9666666666666665,0.9666666666666665,0.9666666666666665
412.0,0.9666666666666665,0.9666666666666665,0.96,0.9666666666666665,0.9666666666666665
413.0,0.9666666666666665,0.9533333333333333,0.9533333333333333,0.9666666666666665,0.9666666666666665
414.0,0.9666666666666665,0.9666666666666665,0.9533333333333333,0.96,0.9533333333333333
415.0,0.9666666666666665,0.9533333333333333,0.9666666666666665,0.9666666666666665,0.96
416.0,0.9666666666666665,0.96,0.96,0.9666666666666665,0.9666666666666665
417.0,0.9666666666666665,0.9533333333333333,0.9533333333333333,0.9666666666666665,0.9666666666666665
418.0,0.9666666666666665,0.96,0.9666666666666665,0.96,0.96
419.0,0.9666666666666665,0.9533333333333333,0.9666666666666665,0.9666666666666665,0.96
420.0,0.9666666666666665,0.96,0.9666666666666665,0.9666666666666665,0.9666666666666665
421.0,0.9666666666666665,0.9533333333333333,0.9666666666666665,0.96,0.96
422.0,0.9666666666666665,0.96,0.96,0.96,0.96
423.0,0.9666666666666665,0.9533333333333333,0.96,0.9666666666666665,0.9533333333333333
424.0,0.9666666666666665,0.96,0.9533333333333333,0.9666666666666665,0.9666666666666665
425.0,0.9533333333333333,0.9533333333333333,0.9666666666666665,0.9666666666666665,0.96
426.0,0.9666666666666665,0.96,0.9666666666666665,0.96,0.9666666666666665
427.0,0.9666666666666665,0.96,0.9533333333333333,0.9666666666666665,0.9666666666666665
428.0,0.9666666666666665,0.9533333333333333,0.96,0.9666666666666665,0.9666666666666665
429.0,0.9666666666666665,0.9533333333333333,0.9666666666666665,0.9666666666666665,0.9666666666666665
430.0,0.9666666666666665,0.96,0.9666666666666665,0.9666666666666665,0.96
431.0,0.9666666666666665,0.9533333333333333,0.9666666666666665,0.96,0.9666666666666665
432.0,0.9666666666666665,0.96,0.9666666666666665,0.9666666666666665,0.9666666666666665
433.0,0.9666666666666665,0.96,0.9666666666666665,0.96,0.9533333333333333
434.0,0.9666666666666665,0.9533333333333333,0.9666666666666665,0.9666666666666665,0.9666666666666665
435.0,0.9666666666666665,0.96,0.96,0.9666666666666665,0.9666666666666665
436.0,0.9666666666666665,0.96,0.9666666666666665,0.9666666666666665,0.9533333333333333
437.0,0.9666666666666665,0.9533333333333333,0.9666666666666665,0.9666666666666665,0.9666666666666665
438.0,0.9666666666666665,0.96,0.9533333333333333,0.9666666666666665,0.9666666666666665
439.0,0.9666666666666665,0.9666666666666665,0.9666666666666665,0.9666666666666665,0.9666666666666665
440.0,0.9666666666666665,0.9666666666666665,0.9666666666666665,0.9666666666666665,0.96
441.0,0.9666666666666665,0.96,0.9666666666666665,0.9666666666666665,0.9666666666666665
442.0,0.9666666666666665,0.96,0.9666666666666665,0.9666666666666665,0.9666666666666665
443.0,0.9666666666666665,0.9533333333333333,0.9666666666666665,0.9666666666666665,0.9666666666666665
444.0,0.9666666666666665,0.96,0.9666666666666665,0.9666666666666665,0.9666666666666665
445.0,0.9666666666666665,0.9533333333333333,0.9666666666666665,0.9666666666666665,0.9666666666666665
446.0,0.9666666666666665,0.96,0.9666666666666665,0.9666666666666665,0.9666666666666665
447.0,0.9666666666666665,0.96,0.9666666666666665,0.9666666666666665,0.9666666666666665
448.0,0.9666666666666665,0.96,0.9666666666666665,0.9666666666666665,0.9666666666666665
449.0,0.9666666666666665,0.96,0.9666666666666665,0.9666666666666665,0.9666666666666665
450.0,0.9666666666666665,0.96,0.9666666666666665,0.9666666666666665,0.9666666666666665
451.0,0.9666666666666665,0.96,0.9666666666666665,0.9666666666666665,0.9666666666666665
452.0,0.9666666666666665,0.96,0.9666666666666665,0.9666666666666665,0.9533333333333333
453.0,0.9666666666666665,0.96,0.9666666666666665,0.9666666666666665,0.9533333333333333
454.0,0.9666666666666665,0.96,0.9666666666666665,0.9666666666666665,0.96
455.0,0.9666666666666665,0.96,0.9666666666666665,0.9666666666666665,0.9533333333333333
456.0,0.9666666666666665,0.96,0.9666666666666665,0.9533333333333333,0.9666666666666665
457.0,0.96,0.96,0.9666666666666665,0.9533333333333333,0.96
458.0,0.9666666666666665,0.96,0.9666666666666665,0.9533333333333333,0.96
459.0,0.9666666666666665,0.96,0.9666666666666665,0.9533333333333333,0.9666666666666665
460.0,0.9666666666666665,0.96,0.9666666666666665,0.9666666666666665,0.96
461.0,0.9666666666666665,0.96,0.9666666666666665,0.96,0.9666666666666665
462.0,0.9666666666666665,0.96,0.9666666666666665,0.96,0.96
463.0,0.9666666666666665,0.96,0.9666666666666665,0.96,0.96
464.0,0.9666666666666665,0.96,0.9666666666666665,0.96,0.96
465.0,0.9533333333333333,0.96,0.9666666666666665,0.96,0.9666666666666665
466.0,0.9533333333333333,0.96,0.9666666666666665,0.9666666666666665,0.9666666666666665
467.0,0.96,0.96,0.9666666666666665,0.9666666666666665,0.9666666666666665
468.0,0.9533333333333333,0.96,0.9666666666666665,0.96,0.96
469.0,0.96,0.96,0.9666666666666665,0.9666666666666665,0.9666666666666665
470.0,0.96,0.96,0.9666666666666665,0.9666666666666665,0.96
471.0,0.9666666666666665,0.96,0.9666666666666665,0.9533333333333333,0.96
472.0,0.9666666666666665,0.96,0.9666666666666665,0.9533333333333333,0.9666666666666665
473.0,0.9666666666666665,0.96,0.9666666666666665,0.9533333333333333,0.9666666666666665
474.0,0.96,0.96,0.9666666666666665,0.9533333333333333,0.96
475.0,0.9533333333333333,0.96,0.9666666666666665,0.96,0.96
476.0,0.9666666666666665,0.96,0.9666666666666665,0.9666666666666665,0.9666666666666665
477.0,0.9666666666666665,0.96,0.9666666666666665,0.9666666666666665,0.96
478.0,0.96,0.96,0.9666666666666665,0.9666666666666665,0.96
479.0,0.9533333333333333,0.96,0.9666666666666665,0.9533333333333333,0.96
480.0,0.96,0.96,0.9666666666666665,0.9533333333333333,0.9666666666666665
481.0,0.9666666666666665,0.96,0.9666666666666665,0.9666666666666665,0.9666666666666665
482.0,0.9666666666666665,0.96,0.9666666666666665,0.9666666666666665,0.9666666666666665
483.0,0.9666666666666665,0.96,0.9666666666666665,0.9533333333333333,0.9666666666666665
484.0,0.9533333333333333,0.96,0.9666666666666665,0.96,0.9666666666666665
485.0,0.9666666666666665,0.96,0.9666666666666665,0.9666666666666665,0.9666666666666665
486.0,0.9666666666666665,0.96,0.9666666666666665,0.9666666666666665,0.9666666666666665
487.0,0.9666666666666665,0.96,0.9666666666666665,0.9666666666666665,0.9666666666666665
488.0,0.9666666666666665,0.96,0.9666666666666665,0.9666666666666665,0.9666666666666665
489.0,0.9666666666666665,0.96,0.9666666666666665,0.9533333333333333,0.9666666666666665
490.0,0.9666666666666665,0.96,0.9666666666666665,0.9666666666666665,0.96
491.0,0.9666666666666665,0.96,0.9666666666666665,0.9533333333333333,0.96
492.0,0.9666666666666665,0.96,0.9666666666666665,0.9533333333333333,0.96
493.0,0.9666666666666665,0.96,0.9666666666666665,0.9666666666666665,0.9666666666666665
494.0,0.9666666666666665,0.96,0.9666666666666665,0.9666666666666665,0.9666666666666665
495.0,0.9666666666666665,0.96,0.9666666666666665,0.9666666666666665,0.96
496.0,0.9666666666666665,0.96,0.9666666666666665,0.9666666666666665,0.9666666666666665
497.0,0.9666666666666665,0.96,0.9666666666666665,0.9666666666666665,0.96
498.0,0.9666666666666665,0.96,0.9666666666666665,0.9666666666666665,0.9666666666666665
499.0,0.9666666666666665,0.96,0.9666666666666665,0.9666666666666665,0.9666666666666665
500.0,0.9666666666666665,0.96,0.9666666666666665,0.9666666666666665,0.9666666666666665
501.0,0.9666666666666665,0.96,0.9533333333333333,0.9666666666666665,0.9666666666666665
502.0,0.9666666666666665,0.96,0.9666666666666665,0.9666666666666665,0.9666666666666665
503.0,0.9666666666666665,0.96,0.9666666666666665,0.9666666666666665,0.9666666666666665
504.0,0.9666666666666665,0.96,0.9666666666666665,0.9666666666666665,0.9666666666666665
505.0,0.9666666666666665,0.96,0.9666666666666665,0.9666666666666665,0.9666666666666665
506.0,0.9666666666666665,0.96,0.9666666666666665,0.9666666666666665,0.96
507.0,0.9666666666666665,0.96,0.9666666666666665,0.9666666666666665,0.9666666666666665
508.0,0.9666666666666665,0.96,0.9666666666666665,0.9666666666666665,0.9666666666666665
509.0,0.9666666666666665,0.96,0.9666666666666665,0.9666666666666665,0.9666666666666665
510.0,0.9666666666666665,0.96,0.9666666666666665,0.9666666666666665,0.9666666666666665
511.0,0.9666666666666665,0.96,0.9533333333333333,0.9666666666666665,0.9666666666666665
512.0,0.9666666666666665,0.96,0.9666666666666665,0.9666666666666665,0.9666666666666665
513.0,0.9666666666666665,0.96,0.9666666666666665,0.9666666666666665,0.96
514.0,0.9666666666666665,0.96,0.9666666666666665,0.9666666666666665,0.96
515.0,0.9666666666666665,0.96,0.9666666666666665,0.9666666666666665,0.9666666666666665
516.0,0.9666666666666665,0.96,0.9666666666666665,0.9666666666666665,0.9666666666666665
517.0,0.9666666666666665,0.96,0.9666666666666665,0.9666666666666665,0.9533333333333333
518.0,0.9666666666666665,0.96,0.9666666666666665,0.9666666666666665,0.9666666666666665
519.0,0.9666666666666665,0.96,0.9533333333333333,0.9666666666666665,0.9666666666666665
520.0,0.9666666666666665,0.96,0.9666666666666665,0.9666666666666665,0.9666666666666665
521.0,0.9666666666666665,0.96,0.9666666666666665,0.9666666666666665,0.9666666666666665
522.0,0.9666666666666665,0.96,0.9666666666666665,0.9666666666666665,0.9666666666666665
523.0,0.9666666666666665,0.9533333333333333,0.9533333333333333,0.9666666666666665,0.9666666666666665
524.0,0.9666666666666665,0.96,0.9666666666666665,0.9666666666666665,0.9666666666666665
525.0,0.9666666666666665,0.96,0.9533333333333333,0.9666666666666665,0.9666666666666665
526.0,0.9666666666666665,0.9466666666666664,0.9666666666666665,0.9666666666666665,0.9666666666666665
527.0,0.9666666666666665,0.96,0.9666666666666665,0.9666666666666665,0.9666666666666665
528.0,0.9666666666666665,0.9533333333333333,0.9666666666666665,0.9666666666666665,0.9666666666666665
529.0,0.9666666666666665,0.9466666666666664,0.9666666666666665,0.9666666666666665,0.9666666666666665
530.0,0.9666666666666665,0.96,0.9666666666666665,0.9666666666666665,0.9666666666666665
531.0,0.9666666666666665,0.94,0.9666666666666665,0.9666666666666665,0.9666666666666665
532.0,0.9666666666666665,0.96,0.9666666666666665,0.9666666666666665,0.9666666666666665
533.0,0.9666666666666665,0.9466666666666664,0.9666666666666665,0.9666666666666665,0.9666666666666665
534.0,0.9666666666666665,0.9533333333333333,0.9666666666666665,0.9666666666666665,0.9666666666666665
535.0,0.9666666666666665,0.94,0.9666666666666665,0.9666666666666665,0.9666666666666665
536.0,0.9666666666666665,0.9533333333333333,0.9666666666666665,0.9666666666666665,0.9666666666666665
537.0,0.9666666666666665,0.9466666666666664,0.9666666666666665,0.9666666666666665,0.9666666666666665
538.0,0.9666666666666665,0.9533333333333333,0.9666666666666665,0.9666666666666665,0.9666666666666665
539.0,0.9666666666666665,0.9466666666666664,0.9533333333333333,0.9666666666666665,0.9666666666666665
540.0,0.9666666666666665,0.9533333333333333,0.9666666666666665,0.9666666666666665,0.9666666666666665
541.0,0.9666666666666665,0.9466666666666664,0.9533333333333333,0.9666666666666665,0.9666666666666665
542.0,0.9666666666666665,0.9466666666666664,0.9666666666666665,0.9666666666666665,0.9666666666666665
543.0,0.9666666666666665,0.9466666666666664,0.9666666666666665,0.9666666666666665,0.9666666666666665
544.0,0.9666666666666665,0.9466666666666664,0.9666666666666665,0.9666666666666665,0.9666666666666665
545.0,0.9666666666666665,0.9466666666666664,0.9666666666666665,0.9666666666666665,0.9666666666666665
546.0,0.9666666666666665,0.9466666666666664,0.9666666666666665,0.9666666666666665,0.9533333333333333
547.0,0.9666666666666665,0.9466666666666664,0.9666666666666665,0.9666666666666665,0.9666666666666665
548.0,0.9666666666666665,0.9466666666666664,0.9666666666666665,0.9666666666666665,0.96
549.0,0.9666666666666665,0.9466666666666664,0.9666666666666665,0.9666666666666665,0.9666666666666665
550.0,0.9666666666666665,0.9466666666666664,0.9666666666666665,0.9666666666666665,0.9666666666666665
551.0,0.9666666666666665,0.9466666666666664,0.9666666666666665,0.9666666666666665,0.9666666666666665
552.0,0.9666666666666665,0.9466666666666664,0.9666666666666665,0.9666666666666665,0.9666666666666665
553.0,0.9666666666666665,0.9533333333333333,0.9666666666666665,0.9666666666666665,0.9666666666666665
554.0,0.9666666666666665,0.9533333333333333,0.9666666666666665,0.9666666666666665,0.9666666666666665
555.0,0.9666666666666665,0.9533333333333333,0.9666666666666665,0.9666666666666665,0.9666666666666665
556.0,0.9666666666666665,0.9533333333333333,0.9666666666666665,0.9666666666666665,0.9666666666666665
557.0,0.9666666666666665,0.9533333333333333,0.9666666666666665,0.9666666666666665,0.9666666666666665
558.0,0.9666666666666665,0.9533333333333333,0.9666666666666665,0.9666666666666665,0.9666666666666665
559.0,0.9666666666666665,0.9533333333333333,0.9666666666666665,0.9666666666666665,0.9666666666666665
560.0,0.9666666666666665,0.9533333333333333,0.9666666666666665,0.9666666666666665,0.9666666666666665
561.0,0.9666666666666665,0.9533333333333333,0.9666666666666665,0.9666666666666665,0.9666666666666665
562.0,0.9666666666666665,0.9533333333333333,0.9666666666666665,0.9666666666666665,0.9666666666666665
563.0,0.9666666666666665,0.9533333333333333,0.9666666666666665,0.9666666666666665,0.9666666666666665
564.0,0.9666666666666665,0.9533333333333333,0.9666666666666665,0.9666666666666665,0.9666666666666665
565.0,0.9666666666666665,0.9533333333333333,0.9666666666666665,0.9666666666666665,0.9666666666666665
566.0,0.9666666666666665,0.9533333333333333,0.9666666666666665,0.9666666666666665,0.9666666666666665
567.0,0.9666666666666665,0.96,0.9666666666666665,0.9666666666666665,0.9666666666666665
568.0,0.9666666666666665,0.9533333333333333,0.9533333333333333,0.9666666666666665,0.9666666666666665
569.0,0.9666666666666665,0.9533333333333333,0.9666666666666665,0.9666666666666665,0.9666666666666665
570.0,0.9666666666666665,0.9533333333333333,0.9666666666666665,0.9666666666666665,0.9666666666666665
571.0,0.9666666666666665,0.9533333333333333,0.9666666666666665,0.9666666666666665,0.9666666666666665
572.0,0.9666666666666665,0.9533333333333333,0.9533333333333333,0.9666666666666665,0.9666666666666665
573.0,0.9666666666666665,0.9533333333333333,0.9666666666666665,0.9666666666666665,0.9666666666666665
574.0,0.9666666666666665,0.9533333333333333,0.96,0.96,0.9666666666666665
575.0,0.9666666666666665,0.9533333333333333,0.9666666666666665,0.9666666666666665,0.9666666666666665
576.0,0.9666666666666665,0.9533333333333333,0.9666666666666665,0.9666666666666665,0.9666666666666665
577.0,0.9666666666666665,0.9533333333333333,0.9666666666666665,0.9666666666666665,0.9666666666666665
578.0,0.9666666666666665,0.9533333333333333,0.9533333333333333,0.9666666666666665,0.9666666666666665
579.0,0.9666666666666665,0.96,0.9666666666666665,0.9666666666666665,0.9666666666666665
580.0,0.9666666666666665,0.96,0.9666666666666665,0.9666666666666665,0.9666666666666665
581.0,0.9666666666666665,0.96,0.96,0.9666666666666665,0.9666666666666665
582.0,0.9666666666666665,0.96,0.96,0.9666666666666665,0.9666666666666665
583.0,0.9666666666666665,0.96,0.9666666666666665,0.9666666666666665,0.9666666666666665
584.0,0.9666666666666665,0.96,0.96,0.9666666666666665,0.9666666666666665
585.0,0.9666666666666665,0.96,0.9666666666666665,0.9666666666666665,0.9666666666666665
586.0,0.9666666666666665,0.96,0.9666666666666665,0.9666666666666665,0.9666666666666665
587.0,0.9666666666666665,0.96,0.9666666666666665,0.9666666666666665,0.9666666666666665
588.0,0.9666666666666665,0.96,0.9666666666666665,0.9666666666666665,0.9666666666666665
589.0,0.9666666666666665,0.96,0.9666666666666665,0.9666666666666665,0.9666666666666665
590.0,0.9666666666666665,0.96,0.9533333333333333,0.9666666666666665,0.9666666666666665
591.0,0.9666666666666665,0.96,0.9666666666666665,0.9666666666666665,0.9666666666666665
592.0,0.9666666666666665,0.96,0.9666666666666665,0.9666666666666665,0.9666666666666665
593.0,0.9666666666666665,0.96,0.9666666666666665,0.9666666666666665,0.9666666666666665
594.0,0.9666666666666665,0.96,0.9666666666666665,0.9666666666666665,0.9666666666666665
595.0,0.9666666666666665,0.96,0.9666666666666665,0.9666666666666665,0.9666666666666665
596.0,0.9666666666666665,0.96,0.9666666666666665,0.9666666666666665,0.9666666666666665
597.0,0.9533333333333333,0.96,0.9666666666666665,0.9666666666666665,0.9666666666666665
598.0,0.9666666666666665,0.96,0.9666666666666665,0.9666666666666665,0.9666666666666665
599.0,0.9666666666666665,0.96,0.9666666666666665,0.9666666666666665,0.9666666666666665
600.0,0.9666666666666665,0.96,0.9666666666666665,0.96,0.9666666666666665
601.0,0.9666666666666665,0.96,0.9666666666666665,0.9666666666666665,0.9666666666666665
602.0,0.9666666666666665,0.96,0.9666666666666665,0.9666666666666665,0.9666666666666665
603.0,0.9666666666666665,0.96,0.9666666666666665,0.9666666666666665,0.9666666666666665
604.0,0.9666666666666665,0.96,0.9666666666666665,0.9666666666666665,0.9666666666666665
605.0,0.9666666666666665,0.96,0.9666666666666665,0.9666666666666665,0.9666666666666665
606.0,0.9666666666666665,0.96,0.96,0.9666666666666665,0.9666666666666665
607.0,0.9666666666666665,0.96,0.9666666666666665,0.9666666666666665,0.9666666666666665
608.0,0.9533333333333333,0.96,0.9666666666666665,0.9666666666666665,0.9666666666666665
609.0,0.9666666666666665,0.96,0.9666666666666665,0.9666666666666665,0.9666666666666665
610.0,0.9666666666666665,0.96,0.9666666666666665,0.9666666666666665,0.9666666666666665
611.0,0.96,0.96,0.9666666666666665,0.9666666666666665,0.9666666666666665
612.0,0.9666666666666665,0.96,0.9666666666666665,0.9666666666666665,0.9666666666666665
613.0,0.9666666666666665,0.96,0.9666666666666665,0.9666666666666665,0.9666666666666665
614.0,0.9666666666666665,0.96,0.9666666666666665,0.9666666666666665,0.9666666666666665
615.0,0.9666666666666665,0.96,0.9666666666666665,0.9666666666666665,0.9666666666666665
616.0,0.9666666666666665,0.96,0.9666666666666665,0.9666666666666665,0.9666666666666665
617.0,0.96,0.96,0.9666666666666665,0.9666666666666665,0.9666666666666665
618.0,0.9666666666666665,0.96,0.9666666666666665,0.9666666666666665,0.9666666666666665
619.0,0.9666666666666665,0.96,0.9666666666666665,0.9666666666666665,0.9666666666666665
620.0,0.9666666666666665,0.96,0.9666666666666665,0.9666666666666665,0.9666666666666665
621.0,0.9666666666666665,0.96,0.9666666666666665,0.9666666666666665,0.9666666666666665
622.0,0.9666666666666665,0.96,0.9666666666666665,0.9666666666666665,0.9666666666666665
623.0,0.9666666666666665,0.96,0.9666666666666665,0.9666666666666665,0.9666666666666665
624.0,0.9666666666666665,0.96,0.9666666666666665,0.9666666666666665,0.9666666666666665
625.0,0.9666666666666665,0.96,0.9666666666666665,0.9666666666666665,0.9666666666666665
626.0,0.9666666666666665,0.96,0.9666666666666665,0.9666666666666665,0.9666666666666665
627.0,0.9666666666666665,0.96,0.9666666666666665,0.9666666666666665,0.9666666666666665
628.0,0.9666666666666665,0.96,0.9666666666666665,0.9666666666666665,0.9666666666666665
629.0,0.9666666666666665,0.96,0.9666666666666665,0.9666666666666665,0.9666666666666665
630.0,0.9666666666666665,0.96,0.9666666666666665,0.9666666666666665,0.9666666666666665
631.0,0.9666666666666665,0.96,0.9666666666666665,0.9666666666666665,0.9666666666666665
632.0,0.9666666666666665,0.96,0.9666666666666665,0.9666666666666665,0.9666666666666665
633.0,0.9666666666666665,0.96,0.9666666666666665,0.9666666666666665,0.9666666666666665
634.0,0.96,0.96,0.9666666666666665,0.9666666666666665,0.9666666666666665
635.0,0.9666666666666665,0.96,0.9666666666666665,0.9666666666666665,0.9666666666666665
636.0,0.9666666666666665,0.96,0.9666666666666665,0.9666666666666665,0.9666666666666665
637.0,0.9666666666666665,0.96,0.9666666666666665,0.9666666666666665,0.9666666666666665
638.0,0.9666666666666665,0.96,0.9666666666666665,0.9666666666666665,0.9666666666666665
639.0,0.9666666666666665,0.96,0.9666666666666665,0.9666666666666665,0.9666666666666665
640.0,0.9666666666666665,0.96,0.9666666666666665,0.9666666666666665,0.9666666666666665
641.0,0.9666666666666665,0.96,0.9666666666666665,0.9666666666666665,0.9666666666666665
642.0,0.9666666666666665,0.96,0.9666666666666665,0.9666666666666665,0.9666666666666665
643.0,0.9666666666666665,0.96,0.9666666666666665,0.9666666666666665,0.9666666666666665
644.0,0.9666666666666665,0.96,0.9666666666666665,0.9666666666666665,0.9666666666666665
645.0,0.9666666666666665,0.96,0.9666666666666665,0.9666666666666665,0.9666666666666665
646.0,0.9666666666666665,0.96,0.9666666666666665,0.9666666666666665,0.9666666666666665
647.0,0.9666666666666665,0.96,0.9666666666666665,0.9666666666666665,0.9666666666666665
648.0,0.9666666666666665,0.96,0.9666666666666665,0.9666666666666665,0.9666666666666665
649.0,0.9666666666666665,0.96,0.9666666666666665,0.9666666666666665,0.9533333333333333
650.0,0.9533333333333333,0.96,0.9666666666666665,0.9666666666666665,0.9666666666666665
651.0,0.96,0.96,0.9666666666666665,0.9666666666666665,0.9666666666666665
652.0,0.9666666666666665,0.96,0.9666666666666665,0.9666666666666665,0.9666666666666665
653.0,0.9666666666666665,0.96,0.9666666666666665,0.9666666666666665,0.9666666666666665
654.0,0.9666666666666665,0.9666666666666665,0.9666666666666665,0.9666666666666665,0.9666666666666665
655.0,0.9666666666666665,0.96,0.9666666666666665,0.9666666666666665,0.9666666666666665
656.0,0.9666666666666665,0.9666666666666665,0.9666666666666665,0.9666666666666665,0.9666666666666665
657.0,0.96,0.96,0.9666666666666665,0.9666666666666665,0.9666666666666665
658.0,0.9666666666666665,0.9666666666666665,0.9666666666666665,0.9666666666666665,0.9666666666666665
659.0,0.9666666666666665,0.96,0.9666666666666665,0.9666666666666665,0.9666666666666665
660.0,0.9666666666666665,0.96,0.9666666666666665,0.9666666666666665,0.9666666666666665
661.0,0.9666666666666665,0.9666666666666665,0.9666666666666665,0.9666666666666665,0.9666666666666665
662.0,0.9666666666666665,0.96,0.9666666666666665,0.9666666666666665,0.9666666666666665
663.0,0.9666666666666665,0.96,0.9666666666666665,0.9666666666666665,0.9666666666666665
664.0,0.9666666666666665,0.96,0.9666666666666665,0.9666666666666665,0.9666666666666665
665.0,0.96,0.9666666666666665,0.9666666666666665,0.9666666666666665,0.9666666666666665
666.0,0.9666666666666665,0.9666666666666665,0.9666666666666665,0.9666666666666665,0.9666666666666665
667.0,0.9666666666666665,0.9666666666666665,0.9666666666666665,0.9666666666666665,0.9666666666666665
668.0,0.9666666666666665,0.9666666666666665,0.9666666666666665,0.9666666666666665,0.9666666666666665
669.0,0.9666666666666665,0.9666666666666665,0.9666666666666665,0.9666666666666665,0.9666666666666665
670.0,0.96,0.9666666666666665,0.9666666666666665,0.9666666666666665,0.9666666666666665
671.0,0.9666666666666665,0.9666666666666665,0.9666666666666665,0.9666666666666665,0.9666666666666665
672.0,0.9666666666666665,0.9666666666666665,0.9666666666666665,0.9666666666666665,0.9666666666666665
673.0,0.96,0.9666666666666665,0.9666666666666665,0.9666666666666665,0.9666666666666665
674.0,0.9666666666666665,0.9666666666666665,0.9666666666666665,0.9666666666666665,0.9666666666666665
675.0,0.9666666666666665,0.9666666666666665,0.9666666666666665,0.9666666666666665,0.9666666666666665
676.0,0.9666666666666665,0.9666666666666665,0.9666666666666665,0.9666666666666665,0.9666666666666665
677.0,0.9666666666666665,0.9666666666666665,0.9666666666666665,0.9666666666666665,0.9666666666666665
678.0,0.9666666666666665,0.9666666666666665,0.9666666666666665,0.9666666666666665,0.9666666666666665
679.0,0.9666666666666665,0.9666666666666665,0.9666666666666665,0.9666666666666665,0.9666666666666665
680.0,0.9666666666666665,0.9666666666666665,0.9666666666666665,0.9666666666666665,0.9666666666666665
681.0,0.9666666666666665,0.9666666666666665,0.9666666666666665,0.9666666666666665,0.9666666666666665
682.0,0.9666666666666665,0.9666666666666665,0.9666666666666665,0.9666666666666665,0.9666666666666665
683.0,0.9666666666666665,0.9666666666666665,0.9666666666666665,0.9666666666666665,0.9666666666666665
684.0,0.9666666666666665,0.9666666666666665,0.9666666666666665,0.9666666666666665,0.9666666666666665
685.0,0.9666666666666665,0.9666666666666665,0.9666666666666665,0.9666666666666665,0.9666666666666665
686.0,0.9666666666666665,0.9666666666666665,0.9666666666666665,0.9666666666666665,0.9666666666666665
687.0,0.9666666666666665,0.9666666666666665,0.9666666666666665,0.9533333333333333,0.9666666666666665
688.0,0.9666666666666665,0.9666666666666665,0.9666666666666665,0.96,0.9666666666666665
689.0,0.9666666666666665,0.9666666666666665,0.9666666666666665,0.9666666666666665,0.9666666666666665
690.0,0.9666666666666665,0.9666666666666665,0.9666666666666665,0.9666666666666665,0.9666666666666665
691.0,0.9666666666666665,0.9666666666666665,0.9666666666666665,0.9666666666666665,0.9666666666666665
692.0,0.9666666666666665,0.9666666666666665,0.9666666666666665,0.9666666666666665,0.9666666666666665
693.0,0.9666666666666665,0.9666666666666665,0.9666666666666665,0.9666666666666665,0.9666666666666665
694.0,0.9666666666666665,0.9666666666666665,0.9533333333333333,0.9666666666666665,0.9666666666666665
695.0,0.9666666666666665,0.9666666666666665,0.9666666666666665,0.9666666666666665,0.9666666666666665
696.0,0.9666666666666665,0.9666666666666665,0.9666666666666665,0.9666666666666665,0.9666666666666665
697.0,0.9666666666666665,0.9666666666666665,0.9666666666666665,0.9666666666666665,0.9666666666666665
698.0,0.9666666666666665,0.9666666666666665,0.9666666666666665,0.9666666666666665,0.9666666666666665
699.0,0.9666666666666665,0.9666666666666665,0.9666666666666665,0.9666666666666665,0.9666666666666665
700.0,0.9666666666666665,0.9666666666666665,0.9666666666666665,0.9666666666666665,0.9666666666666665
701.0,0.9666666666666665,0.9666666666666665,0.9666666666666665,0.9666666666666665,0.9666666666666665
702.0,0.9666666666666665,0.9666666666666665,0.9666666666666665,0.9666666666666665,0.9666666666666665
703.0,0.9666666666666665,0.9666666666666665,0.9666666666666665,0.9666666666666665,0.9666666666666665
704.0,0.9666666666666665,0.9666666666666665,0.9666666666666665,0.9666666666666665,0.9666666666666665
705.0,0.9666666666666665,0.9666666666666665,0.9666666666666665,0.9666666666666665,0.9666666666666665
706.0,0.9666666666666665,0.9666666666666665,0.9666666666666665,0.9666666666666665,0.9666666666666665
707.0,0.9666666666666665,0.9666666666666665,0.9666666666666665,0.9666666666666665,0.9666666666666665
708.0,0.9666666666666665,0.9666666666666665,0.9666666666666665,0.9666666666666665,0.9666666666666665
709.0,0.9666666666666665,0.9666666666666665,0.9666666666666665,0.9666666666666665,0.9666666666666665
710.0,0.9666666666666665,0.9666666666666665,0.9666666666666665,0.9666666666666665,0.9666666666666665
711.0,0.9666666666666665,0.9666666666666665,0.9666666666666665,0.9666666666666665,0.9666666666666665
712.0,0.9666666666666665,0.9666666666666665,0.9666666666666665,0.9666666666666665,0.9666666666666665
713.0,0.9666666666666665,0.9666666666666665,0.9666666666666665,0.9666666666666665,0.9666666666666665
714.0,0.9666666666666665,0.9666666666666665,0.9666666666666665,0.9666666666666665,0.9666666666666665
715.0,0.9666666666666665,0.9666666666666665,0.9666666666666665,0.9666666666666665,0.9666666666666665
716.0,0.9666666666666665,0.9666666666666665,0.9666666666666665,0.9666666666666665,0.9666666666666665
717.0,0.9666666666666665,0.9666666666666665,0.9666666666666665,0.9666666666666665,0.9666666666666665
718.0,0.9666666666666665,0.9666666666666665,0.9666666666666665,0.9666666666666665,0.9666666666666665
719.0,0.9666666666666665,0.9666666666666665,0.9666666666666665,0.9666666666666665,0.9533333333333333
720.0,0.9666666666666665,0.9666666666666665,0.9666666666666665,0.9666666666666665,0.9666666666666665
721.0,0.9666666666666665,0.9666666666666665,0.9666666666666665,0.9666666666666665,0.9666666666666665
722.0,0.9666666666666665,0.9666666666666665,0.9666666666666665,0.9666666666666665,0.9666666666666665
723.0,0.9666666666666665,0.9666666666666665,0.9666666666666665,0.9666666666666665,0.9666666666666665
724.0,0.9666666666666665,0.9666666666666665,0.9666666666666665,0.9666666666666665,0.9533333333333333
725.0,0.9666666666666665,0.9666666666666665,0.9666666666666665,0.9666666666666665,0.9666666666666665
726.0,0.9666666666666665,0.9666666666666665,0.9666666666666665,0.9666666666666665,0.9666666666666665
727.0,0.9666666666666665,0.9666666666666665,0.9666666666666665,0.9666666666666665,0.9666666666666665
728.0,0.9666666666666665,0.9666666666666665,0.9666666666666665,0.9666666666666665,0.9666666666666665
729.0,0.9666666666666665,0.9666666666666665,0.9666666666666665,0.9666666666666665,0.9666666666666665
730.0,0.9666666666666665,0.9666666666666665,0.9666666666666665,0.9666666666666665,0.9666666666666665
731.0,0.9666666666666665,0.9666666666666665,0.9666666666666665,0.9666666666666665,0.9666666666666665
732.0,0.9666666666666665,0.9666666666666665,0.9666666666666665,0.9666666666666665,0.9666666666666665
733.0,0.9666666666666665,0.9666666666666665,0.9666666666666665,0.9533333333333333,0.9666666666666665
734.0,0.9666666666666665,0.9666666666666665,0.9666666666666665,0.96,0.9533333333333333
735.0,0.9666666666666665,0.9666666666666665,0.9666666666666665,0.9666666666666665,0.9533333333333333
736.0,0.9666666666666665,0.9666666666666665,0.9666666666666665,0.9666666666666665,0.9666666666666665
737.0,0.9666666666666665,0.9666666666666665,0.9533333333333333,0.9666666666666665,0.9666666666666665
738.0,0.9666666666666665,0.9666666666666665,0.9533333333333333,0.9666666666666665,0.9666666666666665
739.0,0.9666666666666665,0.9666666666666665,0.9533333333333333,0.9666666666666665,0.9666666666666665
740.0,0.9666666666666665,0.9666666666666665,0.9666666666666665,0.9666666666666665,0.9666666666666665
741.0,0.9666666666666665,0.9666666666666665,0.9666666666666665,0.9666666666666665,0.9666666666666665
742.0,0.9666666666666665,0.9666666666666665,0.9666666666666665,0.9666666666666665,0.9666666666666665
743.0,0.9666666666666665,0.9666666666666665,0.9666666666666665,0.9666666666666665,0.9666666666666665
744.0,0.9666666666666665,0.9666666666666665,0.9666666666666665,0.9666666666666665,0.9666666666666665
745.0,0.9666666666666665,0.9666666666666665,0.9666666666666665,0.9666666666666665,0.9666666666666665
746.0,0.9666666666666665,0.9666666666666665,0.9666666666666665,0.9666666666666665,0.9666666666666665
747.0,0.9666666666666665,0.9666666666666665,0.9666666666666665,0.9666666666666665,0.9666666666666665
748.0,0.9666666666666665,0.9666666666666665,0.9666666666666665,0.9666666666666665,0.9666666666666665
749.0,0.9666666666666665,0.9666666666666665,0.9666666666666665,0.9666666666666665,0.9666666666666665
750.0,0.9666666666666665,0.9666666666666665,0.9666666666666665,0.9666666666666665,0.9666666666666665
751.0,0.9666666666666665,0.9666666666666665,0.9666666666666665,0.9666666666666665,0.9666666666666665
752.0,0.9666666666666665,0.9666666666666665,0.9666666666666665,0.9666666666666665,0.9666666666666665
753.0,0.9666666666666665,0.9666666666666665,0.9666666666666665,0.9666666666666665,0.9666666666666665
754.0,0.9666666666666665,0.9666666666666665,0.9666666666666665,0.9666666666666665,0.9666666666666665
755.0,0.9666666666666665,0.9666666666666665,0.9666666666666665,0.9666666666666665,0.9666666666666665
756.0,0.9666666666666665,0.9666666666666665,0.9666666666666665,0.9666666666666665,0.9666666666666665
757.0,0.9666666666666665,0.9666666666666665,0.9666666666666665,0.9666666666666665,0.9666666666666665
758.0,0.9666666666666665,0.9666666666666665,0.9666666666666665,0.9666666666666665,0.9666666666666665
759.0,0.9666666666666665,0.9666666666666665,0.9666666666666665,0.9533333333333333,0.9666666666666665
760.0,0.9666666666666665,0.9666666666666665,0.9666666666666665,0.9666666666666665,0.9666666666666665
761.0,0.9666666666666665,0.9666666666666665,0.9666666666666665,0.9666666666666665,0.9666666666666665
762.0,0.9666666666666665,0.9666666666666665,0.9666666666666665,0.9666666666666665,0.9666666666666665
763.0,0.9666666666666665,0.9666666666666665,0.9666666666666665,0.9666666666666665,0.96
764.0,0.9666666666666665,0.9666666666666665,0.9666666666666665,0.9533333333333333,0.9666666666666665
765.0,0.9666666666666665,0.9666666666666665,0.9666666666666665,0.9666666666666665,0.9666666666666665
766.0,0.9666666666666665,0.9666666666666665,0.9666666666666665,0.9666666666666665,0.9666666666666665
767.0,0.9666666666666665,0.9666666666666665,0.9666666666666665,0.9666666666666665,0.9666666666666665
768.0,0.9666666666666665,0.9666666666666665,0.9666666666666665,0.9666666666666665,0.9666666666666665
769.0,0.9666666666666665,0.9666666666666665,0.9666666666666665,0.9666666666666665,0.9666666666666665
770.0,0.9533333333333333,0.9666666666666665,0.9666666666666665,0.9666666666666665,0.9666666666666665
771.0,0.9666666666666665,0.9666666666666665,0.9666666666666665,0.9666666666666665,0.9666666666666665
772.0,0.9666666666666665,0.9666666666666665,0.9666666666666665,0.9666666666666665,0.9666666666666665
773.0,0.9666666666666665,0.9666666666666665,0.9666666666666665,0.9666666666666665,0.9666666666666665
774.0,0.9666666666666665,0.9666666666666665,0.9666666666666665,0.9666666666666665,0.9666666666666665
775.0,0.9666666666666665,0.9666666666666665,0.9666666666666665,0.9666666666666665,0.9666666666666665
776.0,0.9666666666666665,0.9666666666666665,0.9666666666666665,0.9666666666666665,0.9666666666666665
777.0,0.9666666666666665,0.9666666666666665,0.96,0.9666666666666665,0.9666666666666665
778.0,0.9666666666666665,0.9666666666666665,0.9666666666666665,0.9666666666666665,0.9666666666666665
779.0,0.9533333333333333,0.9666666666666665,0.9666666666666665,0.9666666666666665,0.96
780.0,0.9666666666666665,0.9666666666666665,0.9666666666666665,0.9666666666666665,0.9666666666666665
781.0,0.9666666666666665,0.9666666666666665,0.9666666666666665,0.9666666666666665,0.9666666666666665
782.0,0.9666666666666665,0.9666666666666665,0.9666666666666665,0.9666666666666665,0.9666666666666665
783.0,0.9666666666666665,0.9666666666666665,0.9666666666666665,0.9666666666666665,0.9666666666666665
784.0,0.9666666666666665,0.9666666666666665,0.9666666666666665,0.9666666666666665,0.9666666666666665
785.0,0.9533333333333333,0.9666666666666665,0.9666666666666665,0.9666666666666665,0.9666666666666665
786.0,0.9666666666666665,0.9666666666666665,0.9666666666666665,0.9666666666666665,0.9666666666666665
787.0,0.9666666666666665,0.9666666666666665,0.9666666666666665,0.96,0.9666666666666665
788.0,0.9666666666666665,0.9666666666666665,0.9666666666666665,0.9666666666666665,0.9666666666666665
789.0,0.9666666666666665,0.9666666666666665,0.9666666666666665,0.9666666666666665,0.9666666666666665
790.0,0.9666666666666665,0.9666666666666665,0.9666666666666665,0.9666666666666665,0.9666666666666665
791.0,0.9666666666666665,0.9666666666666665,0.9666666666666665,0.9666666666666665,0.9533333333333333
792.0,0.9666666666666665,0.9666666666666665,0.9666666666666665,0.9666666666666665,0.9666666666666665
793.0,0.9666666666666665,0.9666666666666665,0.9666666666666665,0.9666666666666665,0.9666666666666665
794.0,0.9666666666666665,0.9666666666666665,0.9666666666666665,0.9666666666666665,0.9666666666666665
795.0,0.9666666666666665,0.9666666666666665,0.9666666666666665,0.9666666666666665,0.9666666666666665
796.0,0.9666666666666665,0.9666666666666665,0.9666666666666665,0.96,0.9666666666666665
797.0,0.9666666666666665,0.9666666666666665,0.9666666666666665,0.9666666666666665,0.9666666666666665
798.0,0.9666666666666665,0.9666666666666665,0.9666666666666665,0.9733333333333332,0.9666666666666665
799.0,0.9666666666666665,0.9666666666666665,0.9666666666666665,0.9666666666666665,0.9666666666666665
800.0,0.9666666666666665,0.9666666666666665,0.9666666666666665,0.9666666666666665,0.9666666666666665
801.0,0.9666666666666665,0.9666666666666665,0.9666666666666665,0.9666666666666665,0.9666666666666665
802.0,0.9666666666666665,0.9666666666666665,0.9666666666666665,0.9666666666666665,0.9666666666666665
803.0,0.9666666666666665,0.9666666666666665,0.9666666666666665,0.9666666666666665,0.9666666666666665
804.0,0.9666666666666665,0.9666666666666665,0.9666666666666665,0.9733333333333332,0.9666666666666665
805.0,0.9666666666666665,0.9666666666666665,0.9666666666666665,0.96,0.9666666666666665
806.0,0.9666666666666665,0.9666666666666665,0.9666666666666665,0.9666666666666665,0.9666666666666665
807.0,0.9666666666666665,0.9666666666666665,0.9666666666666665,0.9666666666666665,0.9666666666666665
808.0,0.9666666666666665,0.9666666666666665,0.9666666666666665,0.9666666666666665,0.9666666666666665
809.0,0.9666666666666665,0.9666666666666665,0.9666666666666665,0.9666666666666665,0.9666666666666665
810.0,0.9666666666666665,0.9666666666666665,0.9666666666666665,0.9666666666666665,0.9666666666666665
811.0,0.9666666666666665,0.9666666666666665,0.9666666666666665,0.9733333333333332,0.9666666666666665
812.0,0.9666666666666665,0.9666666666666665,0.9666666666666665,0.9733333333333332,0.9666666666666665
813.0,0.9666666666666665,0.9666666666666665,0.9666666666666665,0.96,0.9666666666666665
814.0,0.9666666666666665,0.9666666666666665,0.9666666666666665,0.9666666666666665,0.9666666666666665
815.0,0.9666666666666665,0.9666666666666665,0.9666666666666665,0.9666666666666665,0.9666666666666665
816.0,0.9666666666666665,0.9666666666666665,0.9666666666666665,0.96,0.9733333333333332
817.0,0.9666666666666665,0.9666666666666665,0.9666666666666665,0.9666666666666665,0.9666666666666665
818.0,0.9666666666666665,0.9666666666666665,0.9666666666666665,0.9733333333333332,0.9733333333333332
819.0,0.9666666666666665,0.9666666666666665,0.9666666666666665,0.9666666666666665,0.9666666666666665
820.0,0.9666666666666665,0.9666666666666665,0.9666666666666665,0.9666666666666665,0.9666666666666665
821.0,0.9666666666666665,0.9666666666666665,0.9666666666666665,0.9666666666666665,0.9733333333333332
822.0,0.9666666666666665,0.9666666666666665,0.9666666666666665,0.9666666666666665,0.9733333333333332
823.0,0.9666666666666665,0.9666666666666665,0.9666666666666665,0.9733333333333332,0.9666666666666665
824.0,0.9666666666666665,0.9666666666666665,0.9666666666666665,0.96,0.9666666666666665
825.0,0.9666666666666665,0.9666666666666665,0.9666666666666665,0.9666666666666665,0.9733333333333332
826.0,0.9666666666666665,0.9666666666666665,0.9666666666666665,0.9666666666666665,0.96
827.0,0.9666666666666665,0.9666666666666665,0.9666666666666665,0.9666666666666665,0.9666666666666665
828.0,0.9666666666666665,0.9666666666666665,0.9666666666666665,0.9666666666666665,0.9666666666666665
829.0,0.9666666666666665,0.9666666666666665,0.9666666666666665,0.9733333333333332,0.9666666666666665
830.0,0.9666666666666665,0.9733333333333332,0.9666666666666665,0.9666666666666665,0.9666666666666665
831.0,0.9666666666666665,0.9666666666666665,0.9666666666666665,0.9666666666666665,0.9666666666666665
832.0,0.9666666666666665,0.9666666666666665,0.9666666666666665,0.9666666666666665,0.9666666666666665
833.0,0.9666666666666665,0.9666666666666665,0.9666666666666665,0.9666666666666665,0.9666666666666665
834.0,0.9666666666666665,0.9666666666666665,0.9666666666666665,0.9733333333333332,0.9666666666666665
835.0,0.9666666666666665,0.9666666666666665,0.9666666666666665,0.96,0.9733333333333332
836.0,0.9733333333333332,0.9666666666666665,0.9666666666666665,0.9666666666666665,0.9733333333333332
837.0,0.9666666666666665,0.9666666666666665,0.9666666666666665,0.9666666666666665,0.9733333333333332
838.0,0.9733333333333332,0.9666666666666665,0.9666666666666665,0.9666666666666665,0.9666666666666665
839.0,0.96,0.9666666666666665,0.9666666666666665,0.9666666666666665,0.9666666666666665
840.0,0.9733333333333332,0.9666666666666665,0.96,0.9666666666666665,0.9666666666666665
841.0,0.9733333333333332,0.9666666666666665,0.9666666666666665,0.9666666666666665,0.9666666666666665
842.0,0.9733333333333332,0.9666666666666665,0.9666666666666665,0.9666666666666665,0.9666666666666665
843.0,0.9733333333333332,0.9666666666666665,0.9666666666666665,0.9666666666666665,0.9733333333333332
844.0,0.9733333333333332,0.9666666666666665,0.9666666666666665,0.9666666666666665,0.9666666666666665
845.0,0.9733333333333332,0.9666666666666665,0.9666666666666665,0.9733333333333332,0.9666666666666665
846.0,0.9733333333333332,0.9666666666666665,0.9666666666666665,0.9666666666666665,0.9733333333333332
847.0,0.9733333333333332,0.9666666666666665,0.9666666666666665,0.9733333333333332,0.9666666666666665
848.0,0.9533333333333333,0.9666666666666665,0.9666666666666665,0.9666666666666665,0.9666666666666665
849.0,0.9666666666666665,0.9666666666666665,0.9666666666666665,0.9733333333333332,0.9666666666666665
850.0,0.9733333333333332,0.9666666666666665,0.9666666666666665,0.9666666666666665,0.9733333333333332
851.0,0.9733333333333332,0.9666666666666665,0.9666666666666665,0.9666666666666665,0.9666666666666665
852.0,0.9666666666666665,0.9666666666666665,0.9666666666666665,0.9666666666666665,0.9733333333333332
853.0,0.9666666666666665,0.9666666666666665,0.9666666666666665,0.9733333333333332,0.9733333333333332
854.0,0.9733333333333332,0.9666666666666665,0.9666666666666665,0.9666666666666665,0.9666666666666665
855.0,0.9733333333333332,0.9666666666666665,0.9666666666666665,0.9666666666666665,0.9733333333333332
856.0,0.9733333333333332,0.9666666666666665,0.9666666666666665,0.9666666666666665,0.9733333333333332
857.0,0.9733333333333332,0.9666666666666665,0.9666666666666665,0.9666666666666665,0.9666666666666665
858.0,0.9666666666666665,0.9666666666666665,0.9666666666666665,0.9666666666666665,0.9666666666666665
859.0,0.9733333333333332,0.9666666666666665,0.9666666666666665,0.9666666666666665,0.9733333333333332
860.0,0.9733333333333332,0.9666666666666665,0.9666666666666665,0.9733333333333332,0.9733333333333332
861.0,0.9733333333333332,0.9666666666666665,0.9666666666666665,0.9733333333333332,0.9733333333333332
862.0,0.9733333333333332,0.9666666666666665,0.9666666666666665,0.9666666666666665,0.9666666666666665
863.0,0.9533333333333333,0.9666666666666665,0.9666666666666665,0.9666666666666665,0.9733333333333332
864.0,0.9733333333333332,0.9666666666666665,0.9666666666666665,0.9666666666666665,0.9733333333333332
865.0,0.9733333333333332,0.9666666666666665,0.9666666666666665,0.9733333333333332,0.9666666666666665
866.0,0.9666666666666665,0.9666666666666665,0.9733333333333332,0.9666666666666665,0.9733333333333332
867.0,0.9733333333333332,0.9733333333333332,0.9666666666666665,0.9666666666666665,0.9733333333333332
868.0,0.9666666666666665,0.9666666666666665,0.9666666666666665,0.9666666666666665,0.9733333333333332
869.0,0.9733333333333332,0.9733333333333332,0.9666666666666665,0.9733333333333332,0.9666666666666665
870.0,0.9666666666666665,0.9666666666666665,0.9666666666666665,0.9733333333333332,0.9733333333333332
871.0,0.9666666666666665,0.9733333333333332,0.9666666666666665,0.9733333333333332,0.9733333333333332
872.0,0.9666666666666665,0.9733333333333332,0.9666666666666665,0.9733333333333332,0.9733333333333332
873.0,0.9666666666666665,0.9733333333333332,0.9666666666666665,0.9666666666666665,0.9733333333333332
874.0,0.9733333333333332,0.9666666666666665,0.9733333333333332,0.9733333333333332,0.9666666666666665
875.0,0.9733333333333332,0.9666666666666665,0.9666666666666665,0.9666666666666665,0.9666666666666665
876.0,0.9666666666666665,0.9666666666666665,0.9666666666666665,0.9733333333333332,0.9733333333333332
877.0,0.9666666666666665,0.9666666666666665,0.9666666666666665,0.9733333333333332,0.9666666666666665
878.0,0.9733333333333332,0.9666666666666665,0.9666666666666665,0.9733333333333332,0.9733333333333332
879.0,0.9666666666666665,0.9666666666666665,0.9666666666666665,0.9666666666666665,0.9733333333333332
880.0,0.9733333333333332,0.9733333333333332,0.9733333333333332,0.9733333333333332,0.9733333333333332
881.0,0.96,0.9733333333333332,0.9733333333333332,0.9733333333333332,0.9666666666666665
882.0,0.9733333333333332,0.9733333333333332,0.9666666666666665,0.9733333333333332,0.9666666666666665
883.0,0.9733333333333332,0.9666666666666665,0.9666666666666665,0.9733333333333332,0.9666666666666665
884.0,0.9666666666666665,0.9666666666666665,0.9733333333333332,0.9666666666666665,0.9733333333333332
885.0,0.9666666666666665,0.9733333333333332,0.9666666666666665,0.9666666666666665,0.9733333333333332
886.0,0.9666666666666665,0.9733333333333332,0.9666666666666665,0.9733333333333332,0.9733333333333332
887.0,0.9666666666666665,0.9733333333333332,0.9733333333333332,0.9733333333333332,0.9733333333333332
888.0,0.9666666666666665,0.9733333333333332,0.9666666666666665,0.9666666666666665,0.9733333333333332
889.0,0.9733333333333332,0.9733333333333332,0.9733333333333332,0.9733333333333332,0.9733333333333332
890.0,0.9666666666666665,0.9733333333333332,0.9733333333333332,0.9733333333333332,0.9733333333333332
891.0,0.9733333333333332,0.9733333333333332,0.9733333333333332,0.9733333333333332,0.9666666666666665
892.0,0.9733333333333332,0.9733333333333332,0.9733333333333332,0.9666666666666665,0.9733333333333332
893.0,0.9733333333333332,0.98,0.9666666666666665,0.9666666666666665,0.9733333333333332
894.0,0.9733333333333332,0.9733333333333332,0.9733333333333332,0.9666666666666665,0.9733333333333332
895.0,0.9733333333333332,0.9733333333333332,0.9733333333333332,0.96,0.9666666666666665
896.0,0.9666666666666665,0.9733333333333332,0.9733333333333332,0.9733333333333332,0.9733333333333332
897.0,0.9733333333333332,0.9733333333333332,0.9666666666666665,0.9666666666666665,0.9733333333333332
898.0,0.9666666666666665,0.9733333333333332,0.9733333333333332,0.9733333333333332,0.9733333333333332
899.0,0.9733333333333332,0.9666666666666665,0.9666666666666665,0.9733333333333332,0.9733333333333332
900.0,0.9733333333333332,0.9733333333333332,0.9733333333333332,0.9733333333333332,0.9733333333333332
901.0,0.9733333333333332,0.9666666666666665,0.9733333333333332,0.9733333333333332,0.9666666666666665
902.0,0.9733333333333332,0.9666666666666665,0.9666666666666665,0.9666666666666665,0.9733333333333332
903.0,0.9733333333333332,0.98,0.9666666666666665,0.9733333333333332,0.9733333333333332
904.0,0.9666666666666665,0.9733333333333332,0.9733333333333332,0.9733333333333332,0.9733333333333332
905.0,0.9733333333333332,0.98,0.9666666666666665,0.9733333333333332,0.9666666666666665
906.0,0.9733333333333332,0.9733333333333332,0.9666666666666665,0.9733333333333332,0.9733333333333332
907.0,0.9733333333333332,0.9666666666666665,0.9666666666666665,0.98,0.9733333333333332
908.0,0.9666666666666665,0.9666666666666665,0.9733333333333332,0.98,0.9733333333333332
909.0,0.9733333333333332,0.98,0.9733333333333332,0.9666666666666665,0.9666666666666665
910.0,0.9733333333333332,0.9733333333333332,0.9733333333333332,0.9733333333333332,0.9733333333333332
911.0,0.9733333333333332,0.9666666666666665,0.9666666666666665,0.9666666666666665,0.9666666666666665
912.0,0.9666666666666665,0.98,0.9733333333333332,0.9733333333333332,0.9733333333333332
913.0,0.9666666666666665,0.98,0.9666666666666665,0.9666666666666665,0.9666666666666665
914.0,0.9733333333333332,0.98,0.9733333333333332,0.9666666666666665,0.9733333333333332
915.0,0.9733333333333332,0.9733333333333332,0.9733333333333332,0.9733333333333332,0.9666666666666665
916.0,0.9733333333333332,0.98,0.9666666666666665,0.9733333333333332,0.9666666666666665
917.0,0.9666666666666665,0.98,0.9666666666666665,0.9666666666666665,0.9733333333333332
918.0,0.9666666666666665,0.9733333333333332,0.9666666666666665,0.9666666666666665,0.9733333333333332
919.0,0.9666666666666665,0.98,0.9733333333333332,0.9733333333333332,0.9733333333333332
920.0,0.9733333333333332,0.98,0.9666666666666665,0.9666666666666665,0.9733333333333332
921.0,0.9733333333333332,0.98,0.9733333333333332,0.9666666666666665,0.9733333333333332
922.0,0.9733333333333332,0.98,0.9733333333333332,0.9733333333333332,0.9733333333333332
923.0,0.9666666666666665,0.98,0.9666666666666665,0.9666666666666665,0.9733333333333332
924.0,0.9733333333333332,0.98,0.9733333333333332,0.9733333333333332,0.9666666666666665
925.0,0.9666666666666665,0.98,0.9733333333333332,0.9666666666666665,0.9666666666666665
926.0,0.9666666666666665,0.98,0.9733333333333332,0.9666666666666665,0.9733333333333332
927.0,0.9666666666666665,0.98,0.9733333333333332,0.9733333333333332,0.9733333333333332
928.0,0.9733333333333332,0.98,0.9733333333333332,0.9666666666666665,0.9666666666666665
929.0,0.9733333333333332,0.98,0.9733333333333332,0.9666666666666665,0.9666666666666665
930.0,0.9733333333333332,0.98,0.9733333333333332,0.9733333333333332,0.9733333333333332
931.0,0.9733333333333332,0.98,0.9733333333333332,0.9666666666666665,0.9733333333333332
932.0,0.9733333333333332,0.98,0.9733333333333332,0.9666666666666665,0.9666666666666665
933.0,0.9733333333333332,0.98,0.9733333333333332,0.9666666666666665,0.9666666666666665
934.0,0.9666666666666665,0.98,0.9733333333333332,0.98,0.9666666666666665
935.0,0.9733333333333332,0.98,0.9666666666666665,0.9666666666666665,0.9733333333333332
936.0,0.9733333333333332,0.98,0.9733333333333332,0.9666666666666665,0.9666666666666665
937.0,0.9666666666666665,0.98,0.9733333333333332,0.9666666666666665,0.9666666666666665
938.0,0.9666666666666665,0.98,0.9666666666666665,0.9733333333333332,0.9733333333333332
939.0,0.9733333333333332,0.98,0.9733333333333332,0.9733333333333332,0.9733333333333332
940.0,0.9733333333333332,0.98,0.9733333333333332,0.9666666666666665,0.9733333333333332
941.0,0.9733333333333332,0.98,0.9733333333333332,0.9733333333333332,0.9733333333333332
942.0,0.9733333333333332,0.98,0.9666666666666665,0.9666666666666665,0.9666666666666665
943.0,0.9666666666666665,0.9666666666666665,0.9666666666666665,0.9666666666666665,0.9733333333333332
944.0,0.9666666666666665,0.9666666666666665,0.9733333333333332,0.9733333333333332,0.9733333333333332
945.0,0.9733333333333332,0.9666666666666665,0.9666666666666665,0.9733333333333332,0.9733333333333332
946.0,0.9733333333333332,0.98,0.9733333333333332,0.9733333333333332,0.9733333333333332
947.0,0.9666666666666665,0.98,0.9733333333333332,0.9666666666666665,0.9733333333333332
948.0,0.9733333333333332,0.98,0.9733333333333332,0.9733333333333332,0.9733333333333332
949.0,0.9733333333333332,0.98,0.9666666666666665,0.9733333333333332,0.9666666666666665
950.0,0.9733333333333332,0.98,0.9733333333333332,0.9666666666666665,0.9733333333333332
951.0,0.9733333333333332,0.98,0.9733333333333332,0.9666666666666665,0.9666666666666665
952.0,0.9733333333333332,0.98,0.9666666666666665,0.9733333333333332,0.9733333333333332
953.0,0.9733333333333332,0.98,0.9733333333333332,0.9733333333333332,0.9733333333333332
954.0,0.9733333333333332,0.98,0.9733333333333332,0.98,0.9733333333333332
955.0,0.9733333333333332,0.98,0.9733333333333332,0.98,0.9733333333333332
956.0,0.9733333333333332,0.98,0.9733333333333332,0.98,0.9733333333333332
957.0,0.9733333333333332,0.98,0.9733333333333332,0.9733333333333332,0.9733333333333332
958.0,0.9733333333333332,0.98,0.96,0.9666666666666665,0.9666666666666665
959.0,0.9733333333333332,0.98,0.9733333333333332,0.9666666666666665,0.9666666666666665
960.0,0.9666666666666665,0.98,0.9666666666666665,0.9666666666666665,0.9733333333333332
961.0,0.9733333333333332,0.98,0.9666666666666665,0.9666666666666665,0.9733333333333332
962.0,0.9733333333333332,0.98,0.9733333333333332,0.9666666666666665,0.9733333333333332
963.0,0.9733333333333332,0.98,0.9733333333333332,0.9666666666666665,0.9666666666666665
964.0,0.9733333333333332,0.98,0.9733333333333332,0.9666666666666665,0.9666666666666665
965.0,0.9666666666666665,0.98,0.9733333333333332,0.9666666666666665,0.9733333333333332
966.0,0.9733333333333332,0.98,0.9733333333333332,0.9666666666666665,0.9733333333333332
967.0,0.9733333333333332,0.98,0.9733333333333332,0.98,0.9733333333333332
968.0,0.9733333333333332,0.98,0.9666666666666665,0.9733333333333332,0.9666666666666665
969.0,0.9733333333333332,0.98,0.9733333333333332,0.9666666666666665,0.9733333333333332
970.0,0.9733333333333332,0.98,0.9733333333333332,0.9666666666666665,0.9733333333333332
971.0,0.9733333333333332,0.98,0.9733333333333332,0.9733333333333332,0.9733333333333332
972.0,0.9666666666666665,0.98,0.9733333333333332,0.9733333333333332,0.9733333333333332
973.0,0.9733333333333332,0.98,0.9733333333333332,0.98,0.9666666666666665
974.0,0.9666666666666665,0.98,0.9733333333333332,0.9666666666666665,0.9666666666666665
975.0,0.9733333333333332,0.98,0.9666666666666665,0.9666666666666665,0.9666666666666665
976.0,0.98,0.98,0.9733333333333332,0.9666666666666665,0.9733333333333332
977.0,0.9733333333333332,0.98,0.9733333333333332,0.9733333333333332,0.9666666666666665
978.0,0.9666666666666665,0.98,0.9733333333333332,0.9733333333333332,0.9733333333333332
979.0,0.9666666666666665,0.98,0.9733333333333332,0.9666666666666665,0.9666666666666665
980.0,0.9733333333333332,0.98,0.9733333333333332,0.98,0.9733333333333332
981.0,0.9733333333333332,0.98,0.9733333333333332,0.98,0.9733333333333332
982.0,0.9733333333333332,0.98,0.9733333333333332,0.9666666666666665,0.9733333333333332
983.0,0.9733333333333332,0.98,0.9733333333333332,0.98,0.9733333333333332
984.0,0.9666666666666665,0.98,0.9733333333333332,0.9666666666666665,0.9733333333333332
985.0,0.9733333333333332,0.98,0.9733333333333332,0.98,0.9733333333333332
986.0,0.9733333333333332,0.98,0.9733333333333332,0.98,0.9733333333333332
987.0,0.9733333333333332,0.98,0.9733333333333332,0.98,0.9733333333333332
988.0,0.9733333333333332,0.98,0.9733333333333332,0.9733333333333332,0.9733333333333332
989.0,0.9733333333333332,0.98,0.9666666666666665,0.9666666666666665,0.9733333333333332
990.0,0.9733333333333332,0.9666666666666665,0.9733333333333332,0.9733333333333332,0.9733333333333332
991.0,0.9666666666666665,0.9666666666666665,0.9666666666666665,0.98,0.98
992.0,0.9733333333333332,0.9666666666666665,0.9733333333333332,0.9666666666666665,0.9733333333333332
993.0,0.9733333333333332,0.9666666666666665,0.9733333333333332,0.98,0.9666666666666665
994.0,0.9666666666666665,0.9666666666666665,0.9733333333333332,0.98,0.98
995.0,0.98,0.98,0.9733333333333332,0.9666666666666665,0.9733333333333332
996.0,0.98,0.9666666666666665,0.9733333333333332,0.9733333333333332,0.9666666666666665
997.0,0.98,0.9666666666666665,0.9733333333333332,0.9666666666666665,0.98
998.0,0.9733333333333332,0.98,0.9733333333333332,0.9733333333333332,0.9666666666666665
999.0,0.9666666666666665,0.98,0.9733333333333332,0.98,0.9666666666666665
1000.0,0.9666666666666665,0.98,0.9666666666666665,0.98,0.9666666666666665
